{
  "metadata": {
    "analysis_date": "2025-08-12T14:04:38.214230",
    "method": "Multi-dataset Urban Classification + LST Difference",
    "datasets": [
      "Dynamic World",
      "GHSL",
      "ESA WorldCover",
      "MODIS LC",
      "GLAD",
      "MODIS LST"
    ],
    "scale": "1000m",
    "cities_analyzed": [
      "Tashkent",
      "Nukus",
      "Andijan"
    ],
    "warm_season_months": [
      6,
      7,
      8
    ],
    "urban_threshold": 0.3,
    "rural_threshold": 0.2,
    "ring_distance_km": 25
  },
  "period_data": {
    "period_2018": [
      {
        "City": "Tashkent",
        "Period": "2018",
        "SUHI_Day": -0.011059814124006806,
        "SUHI_Night": 1.4107428435127947,
        "LST_Day_Urban": 27.093579600443345,
        "LST_Day_Rural": 27.10463941456735,
        "LST_Night_Urban": 9.817393685388135,
        "LST_Night_Rural": 8.40665084187534,
        "NDVI_Urban": 0.210297466843251,
        "NDVI_Rural": 0.20805669036320734,
        "NDBI_Urban": 0.07170078635237583,
        "NDBI_Rural": 0.06639885750544981,
        "NDWI_Urban": -0.31971685060181493,
        "NDWI_Rural": -0.3164379302979374,
        "Urban_Prob": 6.258347602646498,
        "Rural_Prob": 0.04263184950108807,
        "Urban_Pixel_Count": 85.0,
        "Rural_Pixel_Count": 688.0,
        "Data_Quality": "Good"
      },
      {
        "City": "Nukus",
        "Period": "2018",
        "SUHI_Day": 1.4567676315219487,
        "SUHI_Night": 0.8504186289813997,
        "LST_Day_Urban": 28.623597021115625,
        "LST_Day_Rural": 27.166829389593676,
        "LST_Night_Urban": 6.451955856576721,
        "LST_Night_Rural": 5.601537227595322,
        "NDVI_Urban": 0.2883156591962435,
        "NDVI_Rural": 0.26647672018031626,
        "NDBI_Urban": -0.07176040729720787,
        "NDBI_Rural": -0.05431231881100437,
        "NDWI_Urban": -0.3537097667616411,
        "NDWI_Rural": -0.3365008000093746,
        "Urban_Prob": 5.067177174339818,
        "Rural_Prob": 0.06955928529055055,
        "Urban_Pixel_Count": 68.0,
        "Rural_Pixel_Count": 3175.0,
        "Data_Quality": "Good"
      },
      {
        "City": "Andijan",
        "Period": "2018",
        "SUHI_Day": null,
        "SUHI_Night": null,
        "LST_Day_Urban": null,
        "LST_Day_Rural": 25.893909529987937,
        "LST_Night_Urban": null,
        "LST_Night_Rural": 11.024095045411544,
        "NDVI_Urban": null,
        "NDVI_Rural": 0.4912841714365764,
        "NDBI_Urban": null,
        "NDBI_Rural": -0.16373171244474555,
        "NDWI_Urban": null,
        "NDWI_Rural": -0.5083800365662956,
        "Urban_Prob": null,
        "Rural_Prob": 1.0877235227607671,
        "Urban_Pixel_Count": 0.0,
        "Rural_Pixel_Count": 3182.0,
        "Data_Quality": "Poor"
      }
    ],
    "period_2019": [
      {
        "City": "Tashkent",
        "Period": "2019",
        "SUHI_Day": 0.870583478261981,
        "SUHI_Night": 1.4507327508051713,
        "LST_Day_Urban": 26.793716383271313,
        "LST_Day_Rural": 25.923132905009332,
        "LST_Night_Urban": 10.233325327760802,
        "LST_Night_Rural": 8.782592576955631,
        "NDVI_Urban": 0.19968637435035294,
        "NDVI_Rural": 0.20225191765543896,
        "NDBI_Urban": 0.0517951873240891,
        "NDBI_Rural": 0.046970007425195304,
        "NDWI_Urban": -0.33628264893140036,
        "NDWI_Rural": -0.33519677102672385,
        "Urban_Prob": 6.261569513512554,
        "Rural_Prob": 0.04312090350478637,
        "Urban_Pixel_Count": 85.0,
        "Rural_Pixel_Count": 686.0,
        "Data_Quality": "Good"
      },
      {
        "City": "Nukus",
        "Period": "2019",
        "SUHI_Day": 0.26712634802027324,
        "SUHI_Night": 0.5183121996706124,
        "LST_Day_Urban": 27.00551051788219,
        "LST_Day_Rural": 26.738384169861916,
        "LST_Night_Urban": 7.44950465432106,
        "LST_Night_Rural": 6.931192454650447,
        "NDVI_Urban": 0.2583276129688973,
        "NDVI_Rural": 0.23941493909232067,
        "NDBI_Urban": -0.04299645813093234,
        "NDBI_Rural": -0.02824360522851704,
        "NDWI_Urban": -0.3397252316223834,
        "NDWI_Rural": -0.3241047579571119,
        "Urban_Prob": 5.076379241947841,
        "Rural_Prob": 0.04421612745189846,
        "Urban_Pixel_Count": 68.0,
        "Rural_Pixel_Count": 3112.0,
        "Data_Quality": "Good"
      },
      {
        "City": "Andijan",
        "Period": "2019",
        "SUHI_Day": null,
        "SUHI_Night": null,
        "LST_Day_Urban": null,
        "LST_Day_Rural": 26.776955010857563,
        "LST_Night_Urban": null,
        "LST_Night_Rural": 10.907686886686696,
        "NDVI_Urban": null,
        "NDVI_Rural": 0.49870696532058945,
        "NDBI_Urban": null,
        "NDBI_Rural": -0.17082056218864103,
        "NDWI_Urban": null,
        "NDWI_Rural": -0.5028294140608024,
        "Urban_Prob": null,
        "Rural_Prob": 1.0888085076620642,
        "Urban_Pixel_Count": 0.0,
        "Rural_Pixel_Count": 3182.0,
        "Data_Quality": "Poor"
      }
    ],
    "period_2020": [
      {
        "City": "Tashkent",
        "Period": "2020",
        "SUHI_Day": 0.8022676852913051,
        "SUHI_Night": 2.4572386316016193,
        "LST_Day_Urban": 28.16360645522308,
        "LST_Day_Rural": 27.361338769931773,
        "LST_Night_Urban": 10.286069288782185,
        "LST_Night_Rural": 7.828830657180566,
        "NDVI_Urban": 0.1956107484558195,
        "NDVI_Rural": 0.1949537166054047,
        "NDBI_Urban": 0.08066269582856245,
        "NDBI_Rural": 0.0763843305760742,
        "NDWI_Urban": -0.32008107152979115,
        "NDWI_Rural": -0.31492324321408116,
        "Urban_Prob": 6.265530646660575,
        "Rural_Prob": 0.044241610284718194,
        "Urban_Pixel_Count": 85.0,
        "Rural_Pixel_Count": 686.0,
        "Data_Quality": "Good"
      },
      {
        "City": "Nukus",
        "Period": "2020",
        "SUHI_Day": 0.8345754807383372,
        "SUHI_Night": 1.6286775817800612,
        "LST_Day_Urban": 26.46004914052127,
        "LST_Day_Rural": 25.625473659782934,
        "LST_Night_Urban": 7.3793318797794125,
        "LST_Night_Rural": 5.750654297999351,
        "NDVI_Urban": 0.2858349222464462,
        "NDVI_Rural": 0.2661605172712068,
        "NDBI_Urban": -0.05421604379099998,
        "NDBI_Rural": -0.04269159729378925,
        "NDWI_Urban": -0.3526036721316918,
        "NDWI_Rural": -0.3364495841592922,
        "Urban_Prob": 5.072433524183378,
        "Rural_Prob": 0.059218264268405055,
        "Urban_Pixel_Count": 68.0,
        "Rural_Pixel_Count": 3187.0,
        "Data_Quality": "Good"
      },
      {
        "City": "Andijan",
        "Period": "2020",
        "SUHI_Day": null,
        "SUHI_Night": null,
        "LST_Day_Urban": null,
        "LST_Day_Rural": 26.552100146490062,
        "LST_Night_Urban": null,
        "LST_Night_Rural": 9.013600800542616,
        "NDVI_Urban": null,
        "NDVI_Rural": 0.4976741914700544,
        "NDBI_Urban": null,
        "NDBI_Rural": -0.19302929652264253,
        "NDWI_Urban": null,
        "NDWI_Rural": -0.5103413329858262,
        "Urban_Prob": null,
        "Rural_Prob": 1.0887203999043864,
        "Urban_Pixel_Count": 0.0,
        "Rural_Pixel_Count": 3182.0,
        "Data_Quality": "Poor"
      }
    ],
    "period_2021": [
      {
        "City": "Tashkent",
        "Period": "2021",
        "SUHI_Day": 0.10475142582439645,
        "SUHI_Night": 1.4294044191708446,
        "LST_Day_Urban": 26.771427340853183,
        "LST_Day_Rural": 26.666675915028787,
        "LST_Night_Urban": 8.263383006537458,
        "LST_Night_Rural": 6.833978587366613,
        "NDVI_Urban": 0.17914868086932897,
        "NDVI_Rural": 0.17915504251992312,
        "NDBI_Urban": 0.07805357389197515,
        "NDBI_Rural": 0.07328429361842477,
        "NDWI_Urban": -0.3044267950856398,
        "NDWI_Rural": -0.30065768138504523,
        "Urban_Prob": 6.265690166350253,
        "Rural_Prob": 0.044423851773688953,