{
  "LST_Day_Urban_Change_mean": 2.314873462865078,
  "LST_Day_Urban_Change_std": 1.960392243122137,
  "LST_Day_Urban_Change_min": 0.6232868309871904,
  "LST_Day_Urban_Change_max": 4.463371176214448,
  "LST_Night_Urban_Change_mean": 5.226498567479586,
  "LST_Night_Urban_Change_std": 0.7062043948249513,
  "LST_Night_Urban_Change_min": 4.480971844331085,
  "LST_Night_Urban_Change_max": 5.8853861609421365,
  "LST_Day_Rural_Change_mean": 1.4022818610691363,
  "LST_Day_Rural_Change_std": 0.8263166489770726,
  "LST_Day_Rural_Change_min": 0.5035347587764605,
  "LST_Day_Rural_Change_max": 2.4876662688919566,
  "LST_Night_Rural_Change_mean": 4.5012341782718455,
  "LST_Night_Rural_Change_std": 0.5950723200992322,
  "LST_Night_Rural_Change_min": 3.6225755564172193,
  "LST_Night_Rural_Change_max": 4.935256908500023,
  "Built_Prob_Urban_Change_mean": 0.004100293617718724,
  "Built_Prob_Urban_Change_std": 0.010432158854375017,
  "Built_Prob_Urban_Change_min": -0.00531476570594841,
  "Built_Prob_Urban_Change_max": 0.015315313718407081,
  "Built_Prob_Rural_Change_mean": 0.004437829312293456,
  "Built_Prob_Rural_Change_std": 0.0031791992574071036,
  "Built_Prob_Rural_Change_min": 0.0011470206394237487,
  "Built_Prob_Rural_Change_max": 0.007504616965476031,
  "NDVI_Urban_Change_mean": -0.019381730376537842,
  "NDVI_Urban_Change_std": 0.025744811974876346,
  "NDVI_Urban_Change_min": -0.04510657534939316,
  "NDVI_Urban_Change_max": 0.006383002250467618,
  "NDVI_Rural_Change_mean": 0.056464325566255934,
  "NDVI_Rural_Change_std": 0.05573996358056659,
  "NDVI_Rural_Change_min": -0.02305162859116447,
  "NDVI_Rural_Change_max": 0.10637695984710047,
  "Green_Prob_Urban_Change_mean": 0.007695374351622708,
  "Green_Prob_Urban_Change_std": 0.015329203400568226,
  "Green_Prob_Urban_Change_min": -0.006902727949391146,
  "Green_Prob_Urban_Change_max": 0.023663683475153796,
  "Green_Prob_Rural_Change_mean": 0.011155293479222419,
  "Green_Prob_Rural_Change_std": 0.047615121928336654,
  "Green_Prob_Rural_Change_min": -0.017726384528581662,
  "Green_Prob_Rural_Change_max": 0.08196183576074312,
  "analysis_type": "scientific_suhi",
  "method": "urban_rural_lst_difference",
  "warm_months": "None",
  "analysis_scale_m": 1000,
  "urban_threshold": 0.15,
  "rural_threshold": 0.05,
  "ring_width_km": 15,
  "cities_analyzed": 14,
  "analysis_span_years": 6,
  "first_period": "2019",
  "last_period": "2025"
}