Analysis_Period,Years_Span,SUHI_Day_Change,SUHI_Night_Change,LST_Day_Urban_Change,LST_Night_Urban_Change,LST_Day_Rural_Change,LST_Night_Rural_Change,NDVI_Urban_Change,NDVI_Rural_Change,SUHI_Day_Baseline,SUHI_Night_Baseline,SUHI_Day_Latest,SUHI_Night_Latest,Urban_Pixels_Base,Rural_Pixels_Base,Urban_Pixels_Latest,Rural_Pixels_Latest,Data_Quality_Base,Data_Quality_Latest
2018_to_2024,6,2.392493223710151,0.7595995707877492,2.540450222817565,5.314598669895645,0.14795699910741433,4.554999099107896,0.005592540785879618,0.0081570758018025,-0.029001030112841164,1.3761907697202052,2.3634921935973097,2.1357903405079544,87.0,688.0,87.0,684.0,Good,Good
2018_to_2024,6,-0.6479049612726975,0.9230295427850823,-0.24449093271197953,7.05740783390253,0.40341402856071795,6.134378291117447,0.03133673021186778,0.029130139859904314,1.4567676315219487,0.8504186289813997,0.8088626702492512,1.773448171766482,68.0,3175.0,70.0,3400.0,Good,Good
2018_to_2024,6,,,,,1.0561546891750808,3.1392528919162235,,0.0037528698200591792,,,,,0.0,3182.0,0.0,3182.0,Poor,Poor
2018_to_2024,6,0.4256520021656627,-0.262978042024292,-1.7171839778910645,4.486886540612559,-2.142835980056727,4.749864582636851,0.03355452719907964,0.030919457761724167,-1.7235886477290343,0.6217795738457248,-1.2979366455633716,0.3588015318214328,165.0,2489.0,168.0,2489.0,Good,Good
2018_to_2024,6,1.6327806391382147,0.3414608912006045,-0.7698649455045192,4.356958517810108,-2.402645584642734,4.015497626609504,0.027523866371815475,0.02258976584890854,1.2807671865300776,1.3364492571719104,2.9135478256682923,1.677910148372515,170.0,1155.0,171.0,1025.0,Good,Good
2018_to_2024,6,,,,,0.6937154935360397,3.843695399143863,,0.017638758389926623,,,,,0.0,2715.0,0.0,2715.0,Poor,Poor
