{
  "SUHI_Day_Change_mean": -1.1744212766220308,
  "SUHI_Day_Change_std": NaN,
  "SUHI_Day_Change_min": -1.1744212766220308,
  "SUHI_Day_Change_max": -1.1744212766220308,
  "SUHI_Night_Change_mean": -0.42946706261930956,
  "SUHI_Night_Change_std": NaN,
  "SUHI_Night_Change_min": -0.42946706261930956,
  "SUHI_Night_Change_max": -0.42946706261930956,
  "LST_Day_Urban_Change_mean": -0.4768030110599126,
  "LST_Day_Urban_Change_std": 0.9530027302333608,
  "LST_Day_Urban_Change_min": -2.628364724606204,
  "LST_Day_Urban_Change_max": 0.33989544837846,
  "LST_Night_Urban_Change_mean": 1.79819967279891,
  "LST_Night_Urban_Change_std": 1.0296818934302405,
  "LST_Night_Urban_Change_min": -0.5711441581286643,
  "LST_Night_Urban_Change_max": 3.013051225435449,
  "LST_Day_Rural_Change_mean": -1.6286997462174098,
  "LST_Day_Rural_Change_std": 0.20858085558046752,
  "LST_Day_Rural_Change_min": -1.9314478131224497,
  "LST_Day_Rural_Change_max": -1.453943447984173,
  "LST_Night_Rural_Change_mean": 0.29105461276691,
  "LST_Night_Rural_Change_std": 0.6183026252545911,
  "LST_Night_Rural_Change_min": -0.1973593762194863,
  "LST_Night_Rural_Change_max": 1.1368772215617629,
  "NDVI_Urban_Change_mean": 0.002493656708570338,
  "NDVI_Urban_Change_std": 0.018628520077517335,
  "NDVI_Urban_Change_min": -0.03298820103965483,
  "NDVI_Urban_Change_max": 0.03636368974072757,
  "NDVI_Rural_Change_mean": 0.019096541280920157,
  "NDVI_Rural_Change_std": 0.032316383459674004,
  "NDVI_Rural_Change_min": -0.010763557244290234,
  "NDVI_Rural_Change_max": 0.058688956461127595,
  "analysis_type": "scientific_suhi",
  "method": "urban_rural_lst_difference",
  "warm_months": "None",
  "analysis_scale_m": 1000,
  "urban_enhancement_threshold": 0.0005,
  "rural_enhancement_threshold": 0.02,
  "ring_width_km": 25,
  "cities_analyzed": 14,
  "analysis_span_years": 5,
  "first_period": "2019",
  "last_period": "2024"
}