{
  "LST_Day_Rural_Change_mean": 1.293136888198113,
  "LST_Day_Rural_Change_std": 0.669985207990219,
  "LST_Day_Rural_Change_min": 0.8193858043335496,
  "LST_Day_Rural_Change_max": 1.7668879720626762,
  "LST_Night_Rural_Change_mean": 4.256263087348027,
  "LST_Night_Rural_Change_std": 0.484113548618895,
  "LST_Night_Rural_Change_min": 3.913943114255323,
  "LST_Night_Rural_Change_max": 4.598583060440731,
  "Built_Prob_Rural_Change_mean": 0.0028448413485448396,
  "Built_Prob_Rural_Change_std": 0.0038926633541599264,
  "Built_Prob_Rural_Change_min": 9.231269394198438e-05,
  "Built_Prob_Rural_Change_max": 0.005597370003147695,
  "NDVI_Rural_Change_mean": 0.1191360762183188,
  "NDVI_Rural_Change_std": 0.03836303012311672,
  "NDVI_Rural_Change_min": 0.09200931747139918,
  "NDVI_Rural_Change_max": 0.14626283496523843,
  "Green_Prob_Rural_Change_mean": 0.014629441493992479,
  "Green_Prob_Rural_Change_std": 0.04413630858581984,
  "Green_Prob_Rural_Change_min": -0.016579641603582773,
  "Green_Prob_Rural_Change_max": 0.04583852459156773,
  "Water_Prob_Rural_Change_mean": 0.0013441910392652905,
  "Water_Prob_Rural_Change_std": 0.0011492562146700085,
  "Water_Prob_Rural_Change_min": 0.0005315441765513448,
  "Water_Prob_Rural_Change_max": 0.002156837901979236,
  "analysis_type": "scientific_suhi",
  "method": "urban_rural_lst_difference",
  "warm_months": [],
  "analysis_scale_m": 1000,
  "urban_threshold": 0.2,
  "rural_threshold": 0.05,
  "ring_width_km": 15,
  "cities_analyzed": 3,
  "analysis_span_years": 6,
  "first_period": "2019",
  "last_period": "2025"
}