City,Period,SUHI_Day,SUHI_Night,LST_Day_Urban,LST_Day_Rural,LST_Night_Urban,LST_Night_Rural,NDVI_Urban,NDVI_Rural,NDBI_Urban,NDBI_Rural,NDWI_Urban,NDWI_Rural,Urban_Pixel_Count,Rural_Pixel_Count
Tashkent,2019,,,,26.085431089014214,,8.62644381838212,,0.21705006747957198,,0.03069391173733436,,-0.34895402362083666,0.0,48.0
Nukus,2019,2.9255346716104036,-0.09089896455248159,29.461460301068897,26.535925629458493,6.908224665460664,6.999123630013146,0.2473331778360832,0.24174065126092265,-0.030793189141747154,-0.029393476594461745,-0.3322284695526818,-0.3267525046729615,38.0,451.0
Andijan,2019,,,,28.31251106427345,,11.642987065501027,,0.4649948072639894,,-0.1458604016474315,,-0.47856457176662626,0.0,3.0
Bukhara,2019,,,,25.021938718966336,,9.004654338724386,,0.13673765213703898,,0.08878702394149109,,-0.24471511020094813,0.0,58.0
Jizzakh,2019,,,,26.3326136307441,,9.64266248562954,,0.31141180857315887,,-0.06632308405270385,,-0.38373490948817945,0.0,130.0
Qarshi,2019,,,,25.772360186320878,,9.001065299335474,,0.25973048561273787,,0.013955027337366943,,-0.35588977590211535,0.0,44.0
Navoiy,2019,,,,24.998634174899202,,9.390170859255026,,0.16355626519766417,,0.07508002422311963,,-0.27692839513434875,0.0,576.0
Namangan,2019,0.811260513749616,-0.9483034074676642,28.801910651375422,27.990650137625806,10.74923076707753,11.697534174545194,0.4044692196758554,0.4039940040859487,-0.09795749465008916,-0.11984044610255129,-0.4620842289052203,-0.4471428704976968,24.0,1217.0
Samarkand,2019,,,,,,,,,,,,,0.0,0.0
Termez,2019,,,,28.990921856791697,,12.50572238880072,,0.27524101158326203,,-0.03663264487035352,,-0.34733559676119496,0.0,76.0
Gulistan,2019,0.32908177217779766,0.49433297513395935,26.10773569792562,25.77865392574782,11.162406609823726,10.668073634689767,0.24056501642076134,0.2567950470586077,-0.010909635115744611,-0.02715122138406739,-0.33436829063589785,-0.34827296857285106,13.0,461.0
Nurafshon,2019,,,,24.952303469767337,,9.528920002648087,,0.21206018728982715,,0.0277094910490006,,-0.3356722512511445,0.0,20.0
Fergana,2019,2.001706774265422,-0.04535780176736637,30.150714329310826,28.149007555045404,12.034285817827497,12.079643619594863,0.40520373625414713,0.3893255386140293,-0.14411219209432602,-0.13657834190371482,-0.4397155727658953,-0.4269116079942734,14.0,804.0
Urgench,2019,,,,24.601964235394295,,8.634885334004643,,0.2973144099231969,,-0.06651791184636809,,-0.3737147237994831,0.0,223.0
