{
  "SUHI_Day_Change_mean": -0.6638513485369009,
  "SUHI_Day_Change_std": 0.9917469022902712,
  "SUHI_Day_Change_min": -1.6184572329076552,
  "SUHI_Day_Change_max": 0.6976101723221504,
  "SUHI_Night_Change_mean": 0.6292369810180614,
  "SUHI_Night_Change_std": 0.299307594248794,
  "SUHI_Night_Change_min": 0.3606200832296924,
  "SUHI_Night_Change_max": 0.9901967274229229,
  "LST_Day_Urban_Change_mean": -1.2444105649559916,
  "LST_Day_Urban_Change_std": 0.6767870234684574,
  "LST_Day_Urban_Change_min": -1.9237511757020158,
  "LST_Day_Urban_Change_max": -0.4523580631844446,
  "LST_Night_Urban_Change_mean": 0.33561177152619015,
  "LST_Night_Urban_Change_std": 1.434709466464109,
  "LST_Night_Urban_Change_min": -1.287780046245496,
  "LST_Night_Urban_Change_max": 1.8721312470116374,
  "LST_Day_Rural_Change_mean": 0.11989165428880871,
  "LST_Day_Rural_Change_std": 2.806049491842377,
  "LST_Day_Rural_Change_min": -3.267408629908264,
  "LST_Day_Rural_Change_max": 5.658249630937529,
  "LST_Night_Rural_Change_mean": 0.10660960367924112,
  "LST_Night_Rural_Change_std": 1.3430095173226941,
  "LST_Night_Rural_Change_min": -2.0469769896778214,
  "LST_Night_Rural_Change_max": 2.2650273903537332,
  "NDVI_Urban_Change_mean": -0.006789017902837549,
  "NDVI_Urban_Change_std": 0.02370129720448327,
  "NDVI_Urban_Change_min": -0.03664880560103309,
  "NDVI_Urban_Change_max": 0.02115191984654019,
  "NDVI_Rural_Change_mean": -0.02568546447798198,
  "NDVI_Rural_Change_std": 0.0319752967678944,
  "NDVI_Rural_Change_min": -0.07994509984101367,
  "NDVI_Rural_Change_max": 0.034193164312119995,
  "analysis_type": "scientific_suhi",
  "method": "urban_rural_lst_difference",
  "warm_months": "None",
  "analysis_scale_m": 1000,
  "urban_similarity_threshold": 0.85,
  "rural_similarity_threshold": 0.75,
  "ring_width_km": 25,
  "cities_analyzed": 14,
  "analysis_span_years": 4,
  "first_period": "2019",
  "last_period": "2023"
}