Analysis_Period,Years_Span,SUHI_Day_Change,SUHI_Night_Change,LST_Day_Urban_Change,LST_Night_Urban_Change,LST_Day_Rural_Change,LST_Night_Rural_Change,NDVI_Urban_Change,NDVI_Rural_Change,SUHI_Day_Baseline,SUHI_Night_Baseline,SUHI_Day_Latest,SUHI_Night_Latest,Urban_Pixels_Base,Rural_Pixels_Base,Urban_Pixels_Latest,Rural_Pixels_Latest,Data_Quality_Base,Data_Quality_Latest
2018_to_2024,6,2.417027246556003,0.7668094938050487,2.5649842456634175,5.321808592912944,0.14795699910741433,4.554999099107896,0.005336107343093394,0.0081570758018025,-0.011059814124006806,1.4107428435127947,2.4059674324319964,2.1775523373178434,85.0,688.0,85.0,684.0,Good,Good
2018_to_2024,6,-0.6061901412611448,0.9390884342418069,-0.20277611270042684,7.073466725359254,0.40341402856071795,6.134378291117447,0.030907821247646183,0.029130139859904314,1.4567676315219487,0.8504186289813997,0.8505774902608039,1.7895070632232066,68.0,3175.0,68.0,3400.0,Good,Good
2018_to_2024,6,,,,,1.0561546891750808,3.1392528919162235,,0.0037528698200591792,,,,,0.0,3182.0,0.0,3182.0,Poor,Poor
