{
  "SUHI_Day_Change_mean": 0.36704696824078614,
  "SUHI_Day_Change_std": 0.3740057766810472,
  "SUHI_Day_Change_min": 0.015987172789781567,
  "SUHI_Day_Change_max": 1.0571144431630657,
  "SUHI_Night_Change_mean": 0.22183133390817064,
  "SUHI_Night_Change_std": 0.5473097685143522,
  "SUHI_Night_Change_min": -0.5467841628202557,
  "SUHI_Night_Change_max": 0.9128171820801221,
  "LST_Day_Urban_Change_mean": -0.5166576597358095,
  "LST_Day_Urban_Change_std": 0.7452778171652183,
  "LST_Day_Urban_Change_min": -1.4319866429204495,
  "LST_Day_Urban_Change_max": 0.33989544837846,
  "LST_Night_Urban_Change_mean": 1.2748585517429518,
  "LST_Night_Urban_Change_std": 0.7479437468679171,
  "LST_Night_Urban_Change_min": 0.370756811980101,
  "LST_Night_Urban_Change_max": 2.4112305187580994,
  "LST_Day_Rural_Change_mean": -0.19404424726264388,
  "LST_Day_Rural_Change_std": 1.7930355861930993,
  "LST_Day_Rural_Change_min": -1.9699993133544922,
  "LST_Day_Rural_Change_max": 3.630632957729258,
  "LST_Night_Rural_Change_mean": 1.5015359851666394,
  "LST_Night_Rural_Change_std": 1.3853023537383364,
  "LST_Night_Rural_Change_min": -1.0687167920857386,
  "LST_Night_Rural_Change_max": 4.042500483003318,
  "NDVI_Urban_Change_mean": 0.015523327520146235,
  "NDVI_Urban_Change_std": 0.02832248756984434,
  "NDVI_Urban_Change_min": -0.01912260647216113,
  "NDVI_Urban_Change_max": 0.05073098545120347,
  "NDVI_Rural_Change_mean": 0.0007063744560361373,
  "NDVI_Rural_Change_std": 0.0336970394634271,
  "NDVI_Rural_Change_min": -0.06825865886053417,
  "NDVI_Rural_Change_max": 0.06177456207053689,
  "analysis_type": "scientific_suhi",
  "method": "urban_rural_lst_difference",
  "warm_months": "None",
  "analysis_scale_m": 1000,
  "urban_enhancement_threshold": 0.0005,
  "rural_enhancement_threshold": 0.02,
  "ring_width_km": 25,
  "cities_analyzed": 14,
  "analysis_span_years": 5,
  "first_period": "2019",
  "last_period": "2024"
}