{
  "SUHI_Day_Change_mean": 0.5180865704377595,
  "SUHI_Day_Change_std": NaN,
  "SUHI_Day_Change_min": 0.5180865704377595,
  "SUHI_Day_Change_max": 0.5180865704377595,
  "SUHI_Night_Change_mean": 0.5134376008367969,
  "SUHI_Night_Change_std": NaN,
  "SUHI_Night_Change_min": 0.5134376008367969,
  "SUHI_Night_Change_max": 0.5134376008367969,
  "LST_Day_Urban_Change_mean": 2.1152060850686674,
  "LST_Day_Urban_Change_std": NaN,
  "LST_Day_Urban_Change_min": 2.1152060850686674,
  "LST_Day_Urban_Change_max": 2.1152060850686674,
  "LST_Night_Urban_Change_mean": 4.01787321745042,
  "LST_Night_Urban_Change_std": NaN,
  "LST_Night_Urban_Change_min": 4.01787321745042,
  "LST_Night_Urban_Change_max": 4.01787321745042,
  "LST_Day_Rural_Change_mean": 1.253364255620286,
  "LST_Day_Rural_Change_std": 0.48097261016009385,
  "LST_Day_Rural_Change_min": 0.703718319938929,
  "LST_Day_Rural_Change_max": 1.5971195146309078,
  "LST_Night_Rural_Change_mean": 3.9574194023041165,
  "LST_Night_Rural_Change_std": 0.699212653899087,
  "LST_Night_Rural_Change_min": 3.5044356166136232,
  "LST_Night_Rural_Change_max": 4.762705388760153,
  "Built_Prob_Urban_Change_mean": 0.03088674852636239,
  "Built_Prob_Urban_Change_std": NaN,
  "Built_Prob_Urban_Change_min": 0.03088674852636239,
  "Built_Prob_Urban_Change_max": 0.03088674852636239,
  "Built_Prob_Rural_Change_mean": 0.004796518103726301,
  "Built_Prob_Rural_Change_std": 0.003272369534979354,
  "Built_Prob_Rural_Change_min": 0.0011603528147707473,
  "Built_Prob_Rural_Change_max": 0.007504616965476031,
  "NDVI_Urban_Change_mean": -0.04930797514552138,
  "NDVI_Urban_Change_std": NaN,
  "NDVI_Urban_Change_min": -0.04930797514552138,
  "NDVI_Urban_Change_max": -0.04930797514552138,
  "NDVI_Rural_Change_mean": 0.04679561303376895,
  "NDVI_Rural_Change_std": 0.07187557520310746,
  "NDVI_Rural_Change_min": -0.03303150353895018,
  "NDVI_Rural_Change_max": 0.10637695984710047,
  "Green_Prob_Urban_Change_mean": -0.010730426176135663,
  "Green_Prob_Urban_Change_std": NaN,
  "Green_Prob_Urban_Change_min": -0.010730426176135663,
  "Green_Prob_Urban_Change_max": -0.010730426176135663,
  "Green_Prob_Rural_Change_mean": 0.01578068028778661,
  "Green_Prob_Rural_Change_std": 0.05761986266029164,
  "Green_Prob_Rural_Change_min": -0.017726384528581662,
  "Green_Prob_Rural_Change_max": 0.08231378710691406,
  "Water_Prob_Urban_Change_mean": 0.003205568269248976,
  "Water_Prob_Urban_Change_std": NaN,
  "Water_Prob_Urban_Change_min": 0.003205568269248976,
  "Water_Prob_Urban_Change_max": 0.003205568269248976,
  "Water_Prob_Rural_Change_mean": -0.0005650310861886193,
  "Water_Prob_Rural_Change_std": 0.007064394591627757,
  "Water_Prob_Rural_Change_min": -0.008470786348323371,
  "Water_Prob_Rural_Change_max": 0.0051285206234015016,
  "analysis_type": "scientific_suhi",
  "method": "urban_rural_lst_difference",
  "warm_months": [],
  "analysis_scale_m": 1000,
  "urban_threshold": 0.15,
  "rural_threshold": 0.05,
  "ring_width_km": 15,
  "cities_analyzed": 3,
  "analysis_span_years": 6,
  "first_period": "2019",
  "last_period": "2025"
}