City,Period,SUHI_Day,SUHI_Night,LST_Day_Urban,LST_Day_Rural,LST_Night_Urban,LST_Night_Rural,NDVI_Urban,NDVI_Rural,NDBI_Urban,NDBI_Rural,NDWI_Urban,NDWI_Rural,Urban_Prob,Rural_Prob,Urban_Pixel_Count,Rural_Pixel_Count,Data_Quality
Tashkent,2022,1.821370123349812,1.0086516917899448,30.409882582785638,28.588512459435826,13.316942904661163,12.308291212871218,0.1899308194116026,0.19131034969987604,0.06364678704987899,0.06075519092528256,-0.31717642763808196,-0.3141943202368752,6.054151048085845,0.045920574745229724,97.0,688.0,Good
Nukus,2022,-0.7505648887886522,1.1670209055819551,26.1119545181344,26.862519406923052,7.987211064525145,6.8201901589431895,0.2993424822989129,0.27765476200903805,-0.07522173290138463,-0.060513274359992264,-0.3698063983054457,-0.352469664104866,5.123092091774603,0.1305962209468029,74.0,3278.0,Good
Andijan,2022,1.615849566197273,1.3212377724699405,29.845670771975733,28.22982120577846,15.91275588328544,14.5915181108155,0.4955731340699915,0.48486981784550093,-0.16583075570447123,-0.16281897471808876,-0.5046036763667082,-0.4986746277033211,5.513500635783582,1.1699929511106717,314.0,3182.0,Good
Bukhara,2022,-1.2625036374570833,0.5726923817686238,28.667197673309516,29.9297013107666,10.454683161677398,9.881990779908774,0.11323943001573537,0.1142440775563967,0.08649841836709275,0.08484328476168662,-0.22219654613093315,-0.2214654495458144,2.860757903330383,0.0509895585008355,203.0,2502.0,Good
Samarkand,2022,1.292422729961725,0.5967386502039531,27.60358703297118,26.311164303009456,11.270387411841863,10.67364876163791,0.25731863033444574,0.25619782509999417,-0.03954334391641169,-0.03742902025253158,-0.3339789711991914,-0.33393126919508864,4.591921715060656,0.1124725758357971,201.0,1076.0,Good
Namangan,2022,1.2865597639054087,0.7424997614145958,29.693621891041406,28.407062127135998,14.957191718006547,14.21469195659195,0.4340577875165338,0.43672102982186284,-0.11612456091329611,-0.13021300428771376,-0.46533283503344613,-0.46449046603951194,6.30913594459541,0.7134789438277348,216.0,2715.0,Good
