{
  "LST_Day_Rural_Change_mean": 1.3333107116615952,
  "LST_Day_Rural_Change_std": 0.4784860034706584,
  "LST_Day_Rural_Change_min": 0.8620630004313199,
  "LST_Day_Rural_Change_max": 1.818720578719514,
  "LST_Night_Rural_Change_mean": 4.09078918861005,
  "LST_Night_Rural_Change_std": 0.4074164249493976,
  "LST_Night_Rural_Change_min": 3.8119495119378612,
  "LST_Night_Rural_Change_max": 4.558346908565381,
  "Built_Prob_Rural_Change_mean": 0.0035086833532616663,
  "Built_Prob_Rural_Change_std": 0.003067352437120864,
  "Built_Prob_Rural_Change_min": 0.0011997919321082226,
  "Built_Prob_Rural_Change_max": 0.006989159217878599,
  "NDVI_Rural_Change_mean": 0.05342179951502715,
  "NDVI_Rural_Change_std": 0.0726875151421045,
  "NDVI_Rural_Change_min": -0.028087973141531553,
  "NDVI_Rural_Change_max": 0.11151429175187297,
  "Green_Prob_Rural_Change_mean": 0.011217577732015796,
  "Green_Prob_Rural_Change_std": 0.05681702461368911,
  "Green_Prob_Rural_Change_min": -0.026487145773228915,
  "Green_Prob_Rural_Change_max": 0.07656660232184981,
  "Water_Prob_Rural_Change_mean": 0.0005969262700132733,
  "Water_Prob_Rural_Change_std": 0.007553622121342731,
  "Water_Prob_Rural_Change_min": -0.007514991886673317,
  "Water_Prob_Rural_Change_max": 0.007428636600982079,
  "analysis_type": "scientific_suhi",
  "method": "urban_rural_lst_difference",
  "warm_months": [],
  "analysis_scale_m": 1000,
  "urban_threshold": 0.15,
  "rural_threshold": 0.05,
  "ring_width_km": 15,
  "cities_analyzed": 3,
  "analysis_span_years": 6,
  "first_period": "2019",
  "last_period": "2025"
}