City,Period,SUHI_Day,SUHI_Night,LST_Day_Urban,LST_Day_Rural,LST_Night_Urban,LST_Night_Rural,NDVI_Urban,NDVI_Rural,NDBI_Urban,NDBI_Rural,NDWI_Urban,NDWI_Rural,Built_Prob_Urban,Built_Prob_Rural,Green_Prob_Urban,Green_Prob_Rural,Water_Prob_Urban,Water_Prob_Rural,Urban_Pixel_Count,Rural_Pixel_Count
Tashkent,2022,,,,28.679892561667685,,12.316960328339203,,0.18953087227633103,,0.06092356888640747,,-0.3147671141610013,,0.046448799003090055,,0.06972834734266589,,0.03678693081019858,0.0,646.0
Nukus,2022,,,,,,,,,,,,,,,,,,,0.0,0.0
Andijan,2022,,,30.100450136342662,,15.785214098245739,,0.49794987840395355,,-0.1679907406060222,,-0.5064423745204246,,0.16130923119476917,,0.2042767144785417,,0.03766518817832413,,279.0,0.0
Bukhara,2022,,,,,,,,,,,,,,,,,,,0.0,0.0
Jizzakh,2022,,,,,,,,,,,,,,,,,,,0.0,0.0
Qarshi,2022,,,,,,,,,,,,,,,,,,,0.0,0.0
Navoiy,2022,,,,28.26582794071117,,10.010543240878434,,0.14607314300315946,,0.0688723008232928,,-0.25719783191578327,,0.04312701678522536,,0.06526244826844631,,0.04851278930247601,0.0,480.0
Namangan,2022,,,,28.33325748478772,,14.331118814767205,,0.43936522084530705,,-0.12747396977571449,,-0.46726703675027975,,0.033938860045624505,,0.28027970824073073,,0.0368307477267563,0.0,1202.0
Samarkand,2022,,,27.65058646274064,,12.23796910131812,,0.25466107723998976,,-0.031834742783354145,,-0.33119498652985413,,0.15788699328689568,,0.07593648503768147,,0.03896718237425268,,73.0,0.0
Termez,2022,,,,,,,,,,,,,,,,,,,0.0,0.0
Gulistan,2022,,,,,,,,,,,,,,,,,,,0.0,0.0
Nurafshon,2022,,,,28.41696423642551,,12.45366585805301,,0.1817809930410612,,0.06131438737176624,,-0.3005500343511282,,0.04598967489850849,,0.07077966683932993,,0.03619321503438067,0.0,603.0
Fergana,2022,,,,,,,,,,,,,,,,,,,0.0,0.0
Urgench,2022,,,26.913553773947655,,8.915564355982905,,0.29537171042932,,-0.07759910527336948,,-0.37301148766895187,,0.21979560894007016,,0.09497385339948328,,0.03993945651179599,,405.0,0.0
