{
  "SUHI_Day_Change_mean": -0.22671430919249108,
  "SUHI_Day_Change_std": 0.6310023420109704,
  "SUHI_Day_Change_min": -1.031246894223898,
  "SUHI_Day_Change_max": 1.0798227384307495,
  "SUHI_Night_Change_mean": 0.3494023481194024,
  "SUHI_Night_Change_std": 0.5436882367970873,
  "SUHI_Night_Change_min": -0.6446139159606776,
  "SUHI_Night_Change_max": 1.1746545806996878,
  "LST_Day_Urban_Change_mean": 1.9993370831114727,
  "LST_Day_Urban_Change_std": 1.792001858600234,
  "LST_Day_Urban_Change_min": -0.6121682507950403,
  "LST_Day_Urban_Change_max": 4.4206361732866135,
  "LST_Night_Urban_Change_mean": 5.261445168096507,
  "LST_Night_Urban_Change_std": 1.0954710776993057,
  "LST_Night_Urban_Change_min": 3.7127578458746946,
  "LST_Night_Urban_Change_max": 6.909005005447028,
  "LST_Day_Rural_Change_mean": 2.1019087563167327,
  "LST_Day_Rural_Change_std": 1.5998135663564386,
  "LST_Day_Rural_Change_min": -0.2167097815609189,
  "LST_Day_Rural_Change_max": 4.601660287660522,
  "LST_Night_Rural_Change_mean": 4.837204597030426,
  "LST_Night_Rural_Change_std": 0.9475778032160705,
  "LST_Night_Rural_Change_min": 3.3917493614098877,
  "LST_Night_Rural_Change_max": 6.387146350392467,
  "Built_Prob_Urban_Change_mean": 0.008419059461501252,
  "Built_Prob_Urban_Change_std": 0.011850369388771907,
  "Built_Prob_Urban_Change_min": -0.005383037393266815,
  "Built_Prob_Urban_Change_max": 0.03136663907841211,
  "Built_Prob_Rural_Change_mean": 0.006793888944427216,
  "Built_Prob_Rural_Change_std": 0.007636766396111479,
  "Built_Prob_Rural_Change_min": -0.0009795174358995795,
  "Built_Prob_Rural_Change_max": 0.022093028989068342,
  "NDVI_Urban_Change_mean": 0.002677890963019438,
  "NDVI_Urban_Change_std": 0.024339974418806882,
  "NDVI_Urban_Change_min": -0.03035092399420497,
  "NDVI_Urban_Change_max": 0.037922790877986445,
  "NDVI_Rural_Change_mean": 0.01860806207638469,
  "NDVI_Rural_Change_std": 0.0387627812813912,
  "NDVI_Rural_Change_min": -0.030628412556265583,
  "NDVI_Rural_Change_max": 0.09895113322760193,
  "Green_Prob_Urban_Change_mean": 0.0023218888115556493,
  "Green_Prob_Urban_Change_std": 0.011213057955526896,
  "Green_Prob_Urban_Change_min": -0.011632701752897129,
  "Green_Prob_Urban_Change_max": 0.023343133465540178,
  "Green_Prob_Rural_Change_mean": 0.004397788362676804,
  "Green_Prob_Rural_Change_std": 0.024927781161611408,
  "Green_Prob_Rural_Change_min": -0.017657190447212853,
  "Green_Prob_Rural_Change_max": 0.07981449621629166,
  "analysis_type": "scientific_suhi",
  "method": "urban_rural_lst_difference",
  "warm_months": "None",
  "analysis_scale_m": 1000,
  "urban_threshold": 0.05,
  "rural_threshold": 0.2,
  "ring_width_km": 25,
  "cities_analyzed": 14,
  "analysis_span_years": 6,
  "first_period": "2019",
  "last_period": "2025"
}