City,Period,SUHI_Day,SUHI_Night,LST_Day_Urban,LST_Day_Rural,LST_Night_Urban,LST_Night_Rural,NDVI_Urban,NDVI_Rural,NDBI_Urban,NDBI_Rural,NDWI_Urban,NDWI_Rural,Urban_Pixel_Count,Rural_Pixel_Count
Tashkent,2019,,,,23.99231727549572,,9.511655504340368,,0.21583867033585805,,0.0277538951979765,,-0.33942178523303657,0.0,2.0
Nukus,2019,,,27.04738255339928,,6.9146476541273865,,0.25999020870958617,,-0.04515008463366756,,-0.3405965867187212,,206.0,0.0
Andijan,2019,,,,,,,,,,,,,0.0,0.0
Bukhara,2019,,,,,,,,,,,,,0.0,0.0
Jizzakh,2019,2.535389925228486,-0.004529552002306758,27.919464579807645,25.38407465457916,10.59089528367961,10.595424835681916,0.3171804336251269,0.31393610388040544,-0.07161139637013005,-0.0651371870469302,-0.3861495665200002,-0.38647044003009795,19.0,2.0
Qarshi,2019,,,,,,,,,,,,,0.0,0.0
Navoiy,2019,-1.6897702544631557,-1.3906390494360377,25.10022970738987,26.789999961853027,9.559360759829099,10.949999809265137,0.1552324561238612,0.15724113583564758,0.08119159137184663,0.0801939107477665,-0.2701309042263463,-0.27121885120868683,144.0,2.0
Namangan,2019,-1.9831011889466268,-0.5940330851414544,27.8668991925231,29.850000381469727,11.755967296328272,12.350000381469727,0.4120884715146441,0.34492960572242737,-0.10937164985994591,-0.09494937211275101,-0.46146646031222927,-0.40015342831611633,358.0,1.0
Samarkand,2019,,,,,,,,,,,,,0.0,0.0
Termez,2019,,,27.221925214024008,,12.917691581981305,,0.25189802335520406,,-0.0062091659775175,,-0.33202362069441227,,63.0,0.0
Gulistan,2019,1.9660084189520965,-0.3906965189593734,26.334133619223703,24.368125200271606,10.966803497729927,11.3575000166893,0.2469281553750775,0.25026451889425516,-0.01784449496620307,-0.017709620064124465,-0.3390358482305397,-0.3445665016770363,171.0,16.0
Nurafshon,2019,,,,25.485000610351562,,9.690000057220459,,0.21259236335754395,,0.026993527077138424,,-0.3359244465827942,0.0,2.0
Fergana,2019,,,28.870370461535543,,12.053491239306808,,0.4067235495200536,,-0.14548790244880785,,-0.44050735566322685,,48.0,0.0
Urgench,2019,,,,,,,,,,,,,0.0,0.0
