{
  "SUHI_Day_Change_mean": 0.8364761921264273,
  "SUHI_Day_Change_std": 0.39801297883470577,
  "SUHI_Day_Change_min": 0.40783481129926,
  "SUHI_Day_Change_max": 1.1943735390786365,
  "SUHI_Night_Change_mean": 0.5405729460583029,
  "SUHI_Night_Change_std": 0.74290922312709,
  "SUHI_Night_Change_min": -0.10349230708833268,
  "SUHI_Night_Change_max": 1.3533183970759861,
  "LST_Day_Urban_Change_mean": 2.1697869037880224,
  "LST_Day_Urban_Change_std": 0.3753529926758975,
  "LST_Day_Urban_Change_min": 1.7692832264327052,
  "LST_Day_Urban_Change_max": 2.513522094912588,
  "LST_Night_Urban_Change_mean": 4.631362134668353,
  "LST_Night_Urban_Change_std": 1.1442602898526963,
  "LST_Night_Urban_Change_min": 3.7084572048495286,
  "LST_Night_Urban_Change_max": 5.9116653056413675,
  "LST_Day_Rural_Change_mean": 1.3333107116615952,
  "LST_Day_Rural_Change_std": 0.4784860034706584,
  "LST_Day_Rural_Change_min": 0.8620630004313199,
  "LST_Day_Rural_Change_max": 1.818720578719514,
  "LST_Night_Rural_Change_mean": 4.09078918861005,
  "LST_Night_Rural_Change_std": 0.4074164249493976,
  "LST_Night_Rural_Change_min": 3.8119495119378612,
  "LST_Night_Rural_Change_max": 4.558346908565381,
  "Built_Prob_Urban_Change_mean": 0.003508758252976897,
  "Built_Prob_Urban_Change_std": 0.003056377556748465,
  "Built_Prob_Urban_Change_min": 0.001201569907837624,
  "Built_Prob_Urban_Change_max": 0.006975165696097324,
  "Built_Prob_Rural_Change_mean": 0.0035086833532616663,
  "Built_Prob_Rural_Change_std": 0.003067352437120864,
  "Built_Prob_Rural_Change_min": 0.0011997919321082226,
  "Built_Prob_Rural_Change_max": 0.006989159217878599,
  "NDVI_Urban_Change_mean": 0.05423347398511837,
  "NDVI_Urban_Change_std": 0.07357238778058055,
  "NDVI_Urban_Change_min": -0.028335731116495233,
  "NDVI_Urban_Change_max": 0.11282821866133441,
  "NDVI_Rural_Change_mean": 0.05342179951502715,
  "NDVI_Rural_Change_std": 0.0726875151421045,
  "NDVI_Rural_Change_min": -0.028087973141531553,
  "NDVI_Rural_Change_max": 0.11151429175187297,
  "Green_Prob_Urban_Change_mean": 0.01111328982309607,
  "Green_Prob_Urban_Change_std": 0.05685989523743081,
  "Green_Prob_Urban_Change_min": -0.02672753891438341,
  "Green_Prob_Urban_Change_max": 0.07649983644702968,
  "Green_Prob_Rural_Change_mean": 0.011217577732015796,
  "Green_Prob_Rural_Change_std": 0.05681702461368911,
  "Green_Prob_Rural_Change_min": -0.026487145773228915,
  "Green_Prob_Rural_Change_max": 0.07656660232184981,
  "Water_Prob_Urban_Change_mean": 0.0006720624360408387,
  "Water_Prob_Urban_Change_std": 0.007523892810235017,
  "Water_Prob_Urban_Change_min": -0.0073910627016394795,
  "Water_Prob_Urban_Change_max": 0.007505137592838974,
  "Water_Prob_Rural_Change_mean": 0.0005969262700132733,
  "Water_Prob_Rural_Change_std": 0.007553622121342731,
  "Water_Prob_Rural_Change_min": -0.007514991886673317,
  "Water_Prob_Rural_Change_max": 0.007428636600982079,
  "analysis_type": "scientific_suhi",
  "method": "urban_rural_lst_difference",
  "warm_months": [],
  "analysis_scale_m": 1000,
  "urban_threshold": 0.15,
  "rural_threshold": 0.05,
  "ring_width_km": 15,
  "cities_analyzed": 3,
  "analysis_span_years": 6,
  "first_period": "2019",
  "last_period": "2025"
}