City,Period,SUHI_Day,SUHI_Night,LST_Day_Urban,LST_Day_Rural,LST_Night_Urban,LST_Night_Rural,NDVI_Urban,NDVI_Rural,NDBI_Urban,NDBI_Rural,NDWI_Urban,NDWI_Rural,Urban_Pixel_Count,Rural_Pixel_Count
Tashkent,2021,,,,26.31921338190258,,5.988004521195819,,0.18502429879221644,,0.07922779608350208,,-0.31687194364821364,0.0,83.0
Nukus,2021,,,,24.156341578382207,,4.694774017959196,,0.2163855686369136,,-0.02210766585058437,,-0.30720266413364433,0.0,220.0
Andijan,2021,4.096814583090961,0.38330246649391597,30.765155390110984,26.668340807020023,8.645642272613015,8.2623398061191,0.4569968121289383,0.4520764500663245,-0.14163352448218566,-0.13084540935342587,-0.4796616158057605,-0.4770088627178938,69.0,338.0
Bukhara,2021,,,,25.140115552319486,,6.966131955227805,,0.11660125379625445,,0.08820094568627382,,-0.22405728598266755,0.0,46.0
Jizzakh,2021,,,,26.29970687362944,,6.593664675637008,,0.23490261501174864,,-0.018740604734846036,,-0.3119515992608903,0.0,27.0
Qarshi,2021,4.887752526779401,-0.05043013814424846,32.67292716528065,27.785174638501246,7.629790792897188,7.680220931041436,0.18568770488795502,0.17897976476676336,0.03374784133471678,0.03604273198986753,-0.2907149271474898,-0.28416920939417656,2.0,62.0
Navoiy,2021,,,,,,,,,,,,,0.0,0.0
Namangan,2021,,,,27.710000038146973,,9.724999904632568,,0.4243261367082596,,-0.09150433540344238,,-0.44786858558654785,0.0,2.0
Samarkand,2021,,,,26.402942356614897,,8.073225518931512,,0.21407361533511635,,0.004684758934082182,,-0.3031012430952822,0.0,12.0
Termez,2021,,,,,,,,,,,,,0.0,0.0
Gulistan,2021,0.4400829154692225,-0.6808739278386184,27.702663758221796,27.262580842752573,7.879056463760223,8.559930391598842,0.20763315748295164,0.21045369237665404,-0.0009222992546763373,-0.002461126532339541,-0.2920750867116465,-0.29634845394061754,5.0,386.0
Nurafshon,2021,,,,25.59574269803582,,8.96038673279364,,0.1809780184115973,,0.05989300015470409,,-0.29007179445509756,0.0,19.0
Fergana,2021,,,,27.549852867136043,,8.289732874515549,,0.4466223514562925,,-0.16941661833982471,,-0.47567947215335954,0.0,264.0
Urgench,2021,,,,21.960372534357752,,5.722765756918401,,0.27506974245077803,,-0.07208491804916366,,-0.3685374641946753,0.0,210.0
