{
  "SUHI_Day_Change_mean": 0.655991218128713,
  "SUHI_Day_Change_std": 0.41259122872316445,
  "SUHI_Day_Change_min": 0.35772941349074827,
  "SUHI_Day_Change_max": 1.1268540646805754,
  "SUHI_Night_Change_mean": 0.8777334460531753,
  "SUHI_Night_Change_std": 1.1839715527324408,
  "SUHI_Night_Change_min": -0.4634893456670799,
  "SUHI_Night_Change_max": 1.7777564913717825,
  "LST_Day_Urban_Change_mean": -0.6066943878059435,
  "LST_Day_Urban_Change_std": 0.7618245978366127,
  "LST_Day_Urban_Change_min": -1.4384064726777126,
  "LST_Day_Urban_Change_max": 0.057290600498028255,
  "LST_Night_Urban_Change_mean": 1.1682446768025134,
  "LST_Night_Urban_Change_std": 0.4529641535505084,
  "LST_Night_Urban_Change_min": 0.8364833161071115,
  "LST_Night_Urban_Change_max": 1.6843072014309826,
  "LST_Day_Rural_Change_mean": -0.8548416498975168,
  "LST_Day_Rural_Change_std": 1.4730686202825214,
  "LST_Day_Rural_Change_min": -2.995833861265897,
  "LST_Day_Rural_Change_max": 2.9259244429439875,
  "LST_Night_Rural_Change_mean": 1.1689971916765545,
  "LST_Night_Rural_Change_std": 1.6465381767995635,
  "LST_Night_Rural_Change_min": -1.9248852958576705,
  "LST_Night_Rural_Change_max": 3.9340875099612234,
  "NDVI_Urban_Change_mean": 0.03741726395730801,
  "NDVI_Urban_Change_std": 0.027845668235994634,
  "NDVI_Urban_Change_min": 0.005347987478892979,
  "NDVI_Urban_Change_max": 0.055464951903381465,
  "NDVI_Rural_Change_mean": 0.0044680925492862344,
  "NDVI_Rural_Change_std": 0.03738814636715601,
  "NDVI_Rural_Change_min": -0.07858618051970112,
  "NDVI_Rural_Change_max": 0.06491921023247671,
  "analysis_type": "scientific_suhi",
  "method": "urban_rural_lst_difference",
  "warm_months": "None",
  "analysis_scale_m": 1000,
  "urban_enhancement_threshold": 0.0005,
  "rural_enhancement_threshold": 0.02,
  "ring_width_km": 25,
  "cities_analyzed": 14,
  "analysis_span_years": 5,
  "first_period": "2019",
  "last_period": "2024"
}