City,Period,SUHI_Day,SUHI_Night,LST_Day_Urban,LST_Day_Rural,LST_Night_Urban,LST_Night_Rural,NDVI_Urban,NDVI_Rural,NDBI_Urban,NDBI_Rural,NDWI_Urban,NDWI_Rural,Built_Prob_Urban,Built_Prob_Rural,Green_Prob_Urban,Green_Prob_Rural,Water_Prob_Urban,Water_Prob_Rural,Urban_Pixel_Count,Rural_Pixel_Count
Tashkent,2019,,,,26.030860956185,,8.860485886163843,,0.20029581590836207,,0.0519231260219034,,-0.33808528640714325,,0.04318200815157779,,0.08109288166720209,,0.033572798821333356,0,2571
Samarkand,2019,,,,,,,,,,,,,,,,,,,0,0
Namangan,2019,,,,27.59371667699942,,9.779937677423595,,0.3794661582787243,,-0.08323198513091672,,-0.4486894955018097,,0.047537065468486656,,0.19031781619001856,,0.04370952124262415,0,512
