{
  "SUHI_Day_Change_mean": 0.9860956857784373,
  "SUHI_Day_Change_std": 1.6628318737976766,
  "SUHI_Day_Change_min": -0.18970400815703314,
  "SUHI_Day_Change_max": 2.1618953797139078,
  "SUHI_Night_Change_mean": -0.1930644715583032,
  "SUHI_Night_Change_std": 0.9197728039090001,
  "SUHI_Night_Change_min": -0.8434420583533218,
  "SUHI_Night_Change_max": 0.45731311523671536,
  "LST_Day_Urban_Change_mean": -0.5176028473964672,
  "LST_Day_Urban_Change_std": 0.7455088151126704,
  "LST_Day_Urban_Change_min": -1.4319866429204495,
  "LST_Day_Urban_Change_max": 0.33989544837846,
  "LST_Night_Urban_Change_mean": 1.2737706044626649,
  "LST_Night_Urban_Change_std": 0.7480520395876962,
  "LST_Night_Urban_Change_min": 0.370756811980101,
  "LST_Night_Urban_Change_max": 2.4118922363900683,
  "LST_Day_Rural_Change_mean": -1.007263814078436,
  "LST_Day_Rural_Change_std": 1.1714375221823334,
  "LST_Day_Rural_Change_min": -1.8219999313354478,
  "LST_Day_Rural_Change_max": 0.3352083365122489,
  "LST_Night_Rural_Change_mean": 2.2055002305242746,
  "LST_Night_Rural_Change_std": 0.9337429151885923,
  "LST_Night_Rural_Change_min": 1.2940002441406246,
  "LST_Night_Rural_Change_max": 3.1600003242492676,
  "NDVI_Urban_Change_mean": 0.015531603674478403,
  "NDVI_Urban_Change_std": 0.028318929474958288,
  "NDVI_Urban_Change_min": -0.019127926357137837,
  "NDVI_Urban_Change_max": 0.05073098545120347,
  "NDVI_Rural_Change_mean": 0.00954905733880069,
  "NDVI_Rural_Change_std": 0.005462720816641373,
  "NDVI_Rural_Change_min": 0.003699308633804327,
  "NDVI_Rural_Change_max": 0.014517616791029753,
  "analysis_type": "scientific_suhi",
  "method": "urban_rural_lst_difference",
  "warm_months": "None",
  "analysis_scale_m": 1000,
  "urban_enhancement_threshold": 0.0005,
  "rural_enhancement_threshold": 0.02,
  "ring_width_km": 25,
  "cities_analyzed": 14,
  "analysis_span_years": 5,
  "first_period": "2019",
  "last_period": "2024"
}