City,Period,SUHI_Day,SUHI_Night,LST_Day_Urban,LST_Day_Rural,LST_Night_Urban,LST_Night_Rural,NDVI_Urban,NDVI_Rural,NDBI_Urban,NDBI_Rural,NDWI_Urban,NDWI_Rural,Built_Prob_Urban,Built_Prob_Rural,Green_Prob_Urban,Green_Prob_Rural,Water_Prob_Urban,Water_Prob_Rural,Urban_Pixel_Count,Rural_Pixel_Count
Tashkent,2021,-0.4583923851073841,1.357188240766372,26.76696804256506,27.225360427672445,7.788915669750758,6.431727428984386,0.18055631189819088,0.18034658106483073,0.07942622458906785,0.07917631156121856,-0.30403151397124667,-0.30355818179285515,0.04536832746732577,0.0454015570547063,0.06688945005527204,0.0668324606324587,0.03746303967084851,0.03750321853088069,1000,2981
Samarkand,2021,0.03613446748055438,0.5336193044837572,25.674134583622664,25.63800011614211,7.80592912180886,7.272309817325103,0.2371937706650157,0.2373856888287912,-0.04650339103893076,-0.04559932400615814,-0.3182826931230329,-0.3186027998907621,0.04571699494927402,0.04570778447835925,0.09988825587113077,0.0996223564471431,0.0372372047187094,0.03727673422760294,633,2524
Namangan,2021,1.4384812905591708,1.5408759831116825,29.942787347024268,28.504306056465097,9.810745513027955,8.269869529916273,0.3977382790150999,0.3969201014555421,-0.07836618664215743,-0.07836299720438723,-0.4414343197978617,-0.4402362279940676,0.034584028348023904,0.03456650595791851,0.21413346623090204,0.2154035071868329,0.04300214668950359,0.04316264967121723,453,2315
