{
  "SUHI_Day_Change_mean": 0.08625118828261928,
  "SUHI_Day_Change_std": 0.5551181101966833,
  "SUHI_Day_Change_min": -0.43846537641110217,
  "SUHI_Day_Change_max": 1.0810446667651483,
  "SUHI_Night_Change_mean": 0.21930989582945384,
  "SUHI_Night_Change_std": 0.8946679954195463,
  "SUHI_Night_Change_min": -1.0817984159440641,
  "SUHI_Night_Change_max": 1.4498557185888377,
  "LST_Day_Urban_Change_mean": -1.0651189520762578,
  "LST_Day_Urban_Change_std": 1.0171963359945981,
  "LST_Day_Urban_Change_min": -1.9828182539410868,
  "LST_Day_Urban_Change_max": 0.42000134785969934,
  "LST_Night_Urban_Change_mean": 1.1262264873789334,
  "LST_Night_Urban_Change_std": 0.7675287086667234,
  "LST_Night_Urban_Change_min": 0.023333231608072325,
  "LST_Night_Urban_Change_max": 2.1203481221470017,
  "LST_Day_Rural_Change_mean": -0.5116959623136772,
  "LST_Day_Rural_Change_std": 1.4927254376209225,
  "LST_Day_Rural_Change_min": -1.7052612730596124,
  "LST_Day_Rural_Change_max": 3.5399136123209622,
  "LST_Night_Rural_Change_mean": 1.2337841101942073,
  "LST_Night_Rural_Change_std": 1.4388472025818515,
  "LST_Night_Rural_Change_min": -1.1264240999236224,
  "LST_Night_Rural_Change_max": 3.8397416267611693,
  "NDVI_Urban_Change_mean": 0.016240722287863187,
  "NDVI_Urban_Change_std": 0.02781218157917271,
  "NDVI_Urban_Change_min": -0.02061347434791999,
  "NDVI_Urban_Change_max": 0.05069308007678913,
  "NDVI_Rural_Change_mean": 0.005024458333695603,
  "NDVI_Rural_Change_std": 0.03456801077162464,
  "NDVI_Rural_Change_min": -0.06947641878318966,
  "NDVI_Rural_Change_max": 0.06077899004262838,
  "analysis_type": "scientific_suhi",
  "method": "urban_rural_lst_difference",
  "warm_months": "None",
  "analysis_scale_m": 1000,
  "urban_similarity_threshold": 0.85,
  "rural_similarity_threshold": 0.75,
  "ring_width_km": 25,
  "cities_analyzed": 14,
  "analysis_span_years": 5,
  "first_period": "2019",
  "last_period": "2024"
}