{
  "LST_Day_Rural_Change_mean": 1.1437472624464533,
  "LST_Day_Rural_Change_std": 0.24617347674238035,
  "LST_Day_Rural_Change_min": 0.862327307577381,
  "LST_Day_Rural_Change_max": 1.3191485558339515,
  "LST_Night_Rural_Change_mean": 3.981084380350531,
  "LST_Night_Rural_Change_std": 0.5139635450177922,
  "LST_Night_Rural_Change_min": 3.573144668317129,
  "LST_Night_Rural_Change_max": 4.558346908565381,
  "Built_Prob_Rural_Change_mean": 0.005363189103337047,
  "Built_Prob_Rural_Change_std": 0.0044271904286228275,
  "Built_Prob_Rural_Change_min": 0.0008039412521246847,
  "Built_Prob_Rural_Change_max": 0.009645301322217664,
  "NDVI_Rural_Change_mean": 0.055107606171335526,
  "NDVI_Rural_Change_std": 0.06549066106907683,
  "NDVI_Rural_Change_min": -0.018485935773425666,
  "NDVI_Rural_Change_max": 0.10697154759085722,
  "Green_Prob_Rural_Change_mean": 0.00460545655810896,
  "Green_Prob_Rural_Change_std": 0.03548761646320904,
  "Green_Prob_Rural_Change_min": -0.016544641725651413,
  "Green_Prob_Rural_Change_max": 0.045575833123464665,
  "Water_Prob_Rural_Change_mean": 0.0026596677365206245,
  "Water_Prob_Rural_Change_std": 0.0018947488645322762,
  "Water_Prob_Rural_Change_min": 0.001408177847794817,
  "Water_Prob_Rural_Change_max": 0.004839569382590003,
  "analysis_type": "scientific_suhi",
  "method": "urban_rural_lst_difference",
  "warm_months": [],
  "analysis_scale_m": 1000,
  "urban_threshold": 0.5,
  "rural_threshold": 0.1,
  "ring_width_km": 15,
  "cities_analyzed": 3,
  "analysis_span_years": 6,
  "first_period": "2019",
  "last_period": "2025"
}