City,Period,SUHI_Day,SUHI_Night,LST_Day_Urban,LST_Day_Rural,LST_Night_Urban,LST_Night_Rural,NDVI_Urban,NDVI_Rural,NDBI_Urban,NDBI_Rural,NDWI_Urban,NDWI_Rural,Urban_Pixel_Count,Rural_Pixel_Count
Tashkent,2021,,,26.55518030452645,,8.063403423121807,,0.17884496919203866,,0.07781532009761198,,-0.3037584305838271,,129.0,0.0
Nukus,2021,,,22.87991748677694,,4.723139213761037,,0.23435810523081863,,-0.042450144296969236,,-0.3193603943638955,,206.0,0.0
Andijan,2021,,,,27.64594931239501,,8.518024603248302,,0.4439295108615779,,-0.13967375552687286,,-0.4747152011941911,0.0,2957.0
Bukhara,2021,,,25.195067294483287,,7.402171036878483,,0.09773363945761711,,0.09524226224055461,,-0.20547768544981285,,368.0,0.0
Jizzakh,2021,,,29.241481393759027,,8.214656852852155,,0.2314160361963598,,-0.007440239310941592,,-0.3134838682932139,,20.0,0.0
Qarshi,2021,,,29.945476484586678,,8.541166230813431,,0.18301193029169358,,0.034149981805395115,,-0.2880382455465712,,44.0,0.0
Navoiy,2021,,,26.24127349067793,,7.314684215870954,,0.1290790499190128,,0.09459728642039225,,-0.23658538427467923,,144.0,0.0
Namangan,2021,1.530271220319662,0.8662255551221403,30.023434067670376,28.493162847350714,9.573837675361736,8.707612120239595,0.39459338922514764,0.4154773148645275,-0.0791284351111233,-0.11933924046353611,-0.4412604138929066,-0.4533507712128454,148.0,1597.0
Samarkand,2021,,,25.35208174712755,,7.819386818303062,,0.22519290729540253,,-0.01862890051757575,,-0.3084540342750335,,274.0,0.0
Termez,2021,,,26.012815087851653,,11.22896523537866,,0.22597285752484098,,0.0058392508861259355,,-0.3129115188261623,,63.0,0.0
Gulistan,2021,,,28.265391543184133,,8.758141000637961,,0.21305022574624677,,-0.00811052815459147,,-0.29633624399241765,,172.0,0.0
Nurafshon,2021,,,24.038898426927684,,7.152558985686546,,0.1704723072682464,,0.0751978240158881,,-0.2897386226128862,,53.0,0.0
Fergana,2021,,,,27.083964877171308,,7.810155137539034,,0.4304677497382175,,-0.16203329854550158,,-0.46847198010869334,0.0,2037.0
Urgench,2021,0.5764489965308002,0.3919273895503972,21.91472833561198,21.33827933908118,5.494158056466742,5.102230666916345,0.276015585281404,0.3101455493855555,-0.08375562518911824,-0.114603656996268,-0.3651804192992378,-0.39326717138597606,252.0,364.0
