City,Period,SUHI_Day,SUHI_Night,LST_Day_Urban,LST_Day_Rural,LST_Night_Urban,LST_Night_Rural,NDVI_Urban,NDVI_Rural,NDBI_Urban,NDBI_Rural,NDWI_Urban,NDWI_Rural,Urban_Prob,Rural_Prob,Urban_Pixel_Count,Rural_Pixel_Count,Data_Quality
Tashkent,2024,2.177763629839987,2.0146870402644073,29.4336326818182,27.255869051978213,14.979884311612972,12.965197271348565,0.21556172004520247,0.21618715979914713,0.03096795673477335,0.031248987649082887,-0.3500195662132087,-0.34495563853821254,5.97116453005955,0.04693794240093793,99.0,688.0,Good
Nukus,2024,0.8028911253494222,1.713262829113365,28.374171947424628,27.571280822075206,13.44885893605872,11.735596106945355,0.3199115317525339,0.2955633558507339,-0.08829628854563265,-0.06979149475315417,-0.3799410012119261,-0.3605640606522806,5.056398222190464,0.17713831413694742,75.0,3403.0,Good
Andijan,2024,1.503503255766784,1.097506095033408,28.4535674749298,26.950064219163018,15.260854032361175,14.163347937327767,0.5004472805686487,0.49503704125663556,-0.16023438025747735,-0.160982378170652,-0.5036832908645092,-0.5001580220388047,5.500613666555274,1.1729184060579139,315.0,3182.0,Good
Bukhara,2024,-1.388219567472408,0.26486561105897266,27.736986184965765,29.125205752438173,13.72132775079764,13.456462139738667,0.13179432397603846,0.13060960971536653,0.06608458031006177,0.0679296248048786,-0.2314668305828236,-0.22996368283071517,2.87772930317747,0.051777033867869915,202.0,2504.0,Good
Samarkand,2024,2.667651504437707,1.5466822303523013,28.623820132343326,25.95616862790562,13.962094072720031,12.41541184236773,0.26913095813541543,0.26998270328896085,-0.03642404498167792,-0.03405977883841252,-0.347778491806879,-0.3504538561872794,4.595080122928987,0.07124349458588691,201.0,1036.0,Good
Namangan,2024,1.7679090626065843,1.3558526854081343,29.4471607947419,27.679251732135317,15.49659699578814,14.140744310380006,0.4699492113994858,0.46837799169472766,-0.13109308926546642,-0.14280066557751075,-0.4774261733353005,-0.4746460568299618,6.310355857155053,0.7161366290783986,216.0,2715.0,Good
