{
  "LST_Day_Urban_Change_mean": 2.7030097216310467,
  "LST_Day_Urban_Change_std": 2.388957410245481,
  "LST_Day_Urban_Change_min": 0.7038089613455298,
  "LST_Day_Urban_Change_max": 5.348670473698892,
  "LST_Night_Urban_Change_mean": 4.819936434850441,
  "LST_Night_Urban_Change_std": 1.2799709702160218,
  "LST_Night_Urban_Change_min": 3.6872111429438874,
  "LST_Night_Urban_Change_max": 6.2085069282499425,
  "LST_Day_Rural_Change_mean": 0.8150714133230146,
  "LST_Day_Rural_Change_std": 1.006010457319746,
  "LST_Day_Rural_Change_min": -0.4520877590160737,
  "LST_Day_Rural_Change_max": 1.9759177915072712,
  "LST_Night_Rural_Change_mean": 4.887372963649669,
  "LST_Night_Rural_Change_std": 0.36733446200147096,
  "LST_Night_Rural_Change_min": 4.422012905939052,
  "LST_Night_Rural_Change_max": 5.2342448662259695,
  "Built_Prob_Urban_Change_mean": 0.01770229156212157,
  "Built_Prob_Urban_Change_std": 0.012805745956516951,
  "Built_Prob_Urban_Change_min": 0.0036051891517780987,
  "Built_Prob_Urban_Change_max": 0.028616189740990033,
  "Built_Prob_Rural_Change_mean": 0.005139276440871371,
  "Built_Prob_Rural_Change_std": 0.004775931455160867,
  "Built_Prob_Rural_Change_min": 0.0008168124307905006,
  "Built_Prob_Rural_Change_max": 0.010011979455491787,
  "NDVI_Urban_Change_mean": 0.02577183029747443,
  "NDVI_Urban_Change_std": 0.020487811122922948,
  "NDVI_Urban_Change_min": 0.005512872778734579,
  "NDVI_Urban_Change_max": 0.046481072040909066,
  "NDVI_Rural_Change_mean": 0.04515263018432228,
  "NDVI_Rural_Change_std": 0.045186931216749555,
  "NDVI_Rural_Change_min": -0.01759724457404535,
  "NDVI_Rural_Change_max": 0.08598084523109772,
  "Green_Prob_Urban_Change_mean": 0.0042245143872877465,
  "Green_Prob_Urban_Change_std": 0.01407040928503754,
  "Green_Prob_Urban_Change_min": -0.006895243222941855,
  "Green_Prob_Urban_Change_max": 0.020043031526303212,
  "Green_Prob_Rural_Change_mean": -0.018326622215242477,
  "Green_Prob_Rural_Change_std": 0.024387959085246963,
  "Green_Prob_Rural_Change_min": -0.052036603430707096,
  "Green_Prob_Rural_Change_max": 0.006265248042676863,
  "analysis_type": "scientific_suhi",
  "method": "urban_rural_lst_difference",
  "warm_months": "None",
  "analysis_scale_m": 1000,
  "urban_threshold": 0.15,
  "rural_threshold": 0.05,
  "ring_width_km": 15,
  "cities_analyzed": 14,
  "analysis_span_years": 9,
  "first_period": "2016",
  "last_period": "2025"
}