City,Period,SUHI_Day,SUHI_Night,LST_Day_Urban,LST_Day_Rural,LST_Night_Urban,LST_Night_Rural,NDVI_Urban,NDVI_Rural,NDBI_Urban,NDBI_Rural,NDWI_Urban,NDWI_Rural,Urban_Pixel_Count,Rural_Pixel_Count
Tashkent,2019,,,26.739480533975147,,10.03399601313131,,0.19945670620230402,,0.05182320837797808,,-0.33571743787828007,,129.0,0.0
Nukus,2019,,,27.04738255339928,,6.9146476541273865,,0.25999020870958617,,-0.04515008463366756,,-0.3405965867187212,,206.0,0.0
Andijan,2019,,,,26.782054443473157,,10.900178365287825,,0.49873987816019477,,-0.17101480525740573,,-0.5028599415066379,0.0,3106.0
Bukhara,2019,,,25.41447463761923,,9.2513479282193,,0.1237224706856299,,0.09187927623185516,,-0.23082707899270993,,368.0,0.0
Jizzakh,2019,,,27.915423439285853,,10.591557001311578,,0.31717511374015017,,-0.07160965426769011,,-0.3861449978543976,,20.0,0.0
Qarshi,2019,,,26.9691418337239,,10.422015624711475,,0.2543159555638265,,0.00677081550700358,,-0.3475184857892514,,44.0,0.0
Navoiy,2019,,,25.10022970738987,,9.559360759829099,,0.1552324561238612,,0.08119159137184663,,-0.2701309042263463,,144.0,0.0
Namangan,2019,-0.17005445774290706,-0.3422043350611972,27.580031078204016,27.750085535946923,11.088336892962513,11.43054122802371,0.39296134714788633,0.42838554040549764,-0.09611449903876484,-0.12865408284062968,-0.45340722441161657,-0.4637721710283588,36.0,2021.0
Samarkand,2019,2.1578246531844556,1.1142870473186743,24.650445956245036,22.49262130306058,9.250950661079552,8.136663613760877,0.32210722584111895,0.34875281607273184,-0.07256013717745341,-0.10596529724845839,-0.386150517704106,-0.40057923348612123,274.0,284.0
Termez,2019,,,27.221925214024008,,12.917691581981305,,0.25189802335520406,,-0.0062091659775175,,-0.33202362069441227,,63.0,0.0
Gulistan,2019,,,26.33250363378155,,10.959614096416237,,0.24698313218604723,,-0.017897574275420793,,-0.3390807419335685,,172.0,0.0
Nurafshon,2019,,,25.31028032927535,,9.34475681813003,,0.18672693668783788,,0.05986332006604277,,-0.31660866779300106,,53.0,0.0
Fergana,2019,,,,27.730526906663894,,11.704148467939596,,0.3986508885988588,,-0.1414430101393413,,-0.43436250665380766,0.0,2037.0
Urgench,2019,0.32501231707785294,0.09334459006066353,25.023435929891154,24.6984236128133,8.297011353899956,8.203666763839292,0.30849621584684866,0.34363008722642524,-0.08557591143590086,-0.1139065496148376,-0.3775181691173944,-0.40343940037650333,233.0,476.0
