{
  "SUHI_Day_Change_mean": 0.006257875469787659,
  "SUHI_Day_Change_std": 0.8592314180797831,
  "SUHI_Day_Change_min": -0.5140136735380025,
  "SUHI_Day_Change_max": 0.9980129268418985,
  "SUHI_Night_Change_mean": 0.5359676664154106,
  "SUHI_Night_Change_std": 1.0123394242463208,
  "SUHI_Night_Change_min": -0.4456052530029915,
  "SUHI_Night_Change_max": 1.5764968502981098,
  "LST_Day_Urban_Change_mean": 2.5842907557939987,
  "LST_Day_Urban_Change_std": 2.4453305035420723,
  "LST_Day_Urban_Change_min": 0.7038089613455298,
  "LST_Day_Urban_Change_max": 5.348670473698892,
  "LST_Night_Urban_Change_mean": 4.852830322307017,
  "LST_Night_Urban_Change_std": 1.2368478052202663,
  "LST_Night_Urban_Change_min": 3.7858928053136136,
  "LST_Night_Urban_Change_max": 6.2085069282499425,
  "LST_Day_Rural_Change_mean": 1.5962369954264866,
  "LST_Day_Rural_Change_std": 2.044478027803259,
  "LST_Day_Rural_Change_min": -0.6437029464708779,
  "LST_Day_Rural_Change_max": 5.817984211827746,
  "LST_Night_Rural_Change_mean": 4.48358858525327,
  "LST_Night_Rural_Change_std": 0.8497742667864052,
  "LST_Night_Rural_Change_min": 2.749141527003971,
  "LST_Night_Rural_Change_max": 5.861698989067362,
  "Built_Prob_Urban_Change_mean": 0.01926294804092178,
  "Built_Prob_Urban_Change_std": 0.013637448313063254,
  "Built_Prob_Urban_Change_min": 0.0036051891517780987,
  "Built_Prob_Urban_Change_max": 0.02854301197361131,
  "Built_Prob_Rural_Change_mean": 0.008420842258310917,
  "Built_Prob_Rural_Change_std": 0.011315682821214909,
  "Built_Prob_Rural_Change_min": -0.004305913821638294,
  "Built_Prob_Rural_Change_max": 0.042507454939670064,
  "NDVI_Urban_Change_mean": 0.025317607203525366,
  "NDVI_Urban_Change_std": 0.020517869015735705,
  "NDVI_Urban_Change_min": 0.005512872778734579,
  "NDVI_Urban_Change_max": 0.046481072040909066,
  "NDVI_Rural_Change_mean": 0.02696623265621931,
  "NDVI_Rural_Change_std": 0.027497579268098017,
  "NDVI_Rural_Change_min": -0.02087346480223759,
  "NDVI_Rural_Change_max": 0.08056833948816142,
  "Green_Prob_Urban_Change_mean": 0.0027148891803527356,
  "Green_Prob_Urban_Change_std": 0.015046289119773452,
  "Green_Prob_Urban_Change_min": -0.006895243222941855,
  "Green_Prob_Urban_Change_max": 0.02005489984414957,
  "Green_Prob_Rural_Change_mean": -0.007588372499809974,
  "Green_Prob_Rural_Change_std": 0.015670276368665845,
  "Green_Prob_Rural_Change_min": -0.05016912021947112,
  "Green_Prob_Rural_Change_max": 0.008137261576126431,
  "analysis_type": "scientific_suhi",
  "method": "urban_rural_lst_difference",
  "warm_months": "None",
  "analysis_scale_m": 1000,
  "urban_threshold": 0.15,
  "rural_threshold": 0.15,
  "ring_width_km": 25,
  "cities_analyzed": 14,
  "analysis_span_years": 9,
  "first_period": "2016",
  "last_period": "2025"
}