{
  "SUHI_Day_Change_mean": 0.03747777340575834,
  "SUHI_Day_Change_std": 0.7187630477924886,
  "SUHI_Day_Change_min": -1.031246894223898,
  "SUHI_Day_Change_max": 1.536749336493937,
  "SUHI_Night_Change_mean": 0.248880426616446,
  "SUHI_Night_Change_std": 0.6520184639253283,
  "SUHI_Night_Change_min": -1.1545406573324257,
  "SUHI_Night_Change_max": 1.1874499787110757,
  "LST_Day_Urban_Change_mean": 2.133208829106219,
  "LST_Day_Urban_Change_std": 1.5051501978894055,
  "LST_Day_Urban_Change_min": -0.6121682507950403,
  "LST_Day_Urban_Change_max": 4.4206361732866135,
  "LST_Night_Urban_Change_mean": 5.075684677492316,
  "LST_Night_Urban_Change_std": 1.1130999093436202,
  "LST_Night_Urban_Change_min": 3.3960051655850485,
  "LST_Night_Urban_Change_max": 6.909005005447028,
  "LST_Day_Rural_Change_mean": 2.095731055700461,
  "LST_Day_Rural_Change_std": 1.5959064809303756,
  "LST_Day_Rural_Change_min": -0.2167097815609189,
  "LST_Day_Rural_Change_max": 4.601660287660522,
  "LST_Night_Rural_Change_mean": 4.8268042508758695,
  "LST_Night_Rural_Change_std": 0.9406189881296966,
  "LST_Night_Rural_Change_min": 3.3917493614098877,
  "LST_Night_Rural_Change_max": 6.387146350392467,
  "Built_Prob_Urban_Change_mean": 0.008455105421361719,
  "Built_Prob_Urban_Change_std": 0.010612833542447195,
  "Built_Prob_Urban_Change_min": -0.005383037393266815,
  "Built_Prob_Urban_Change_max": 0.03136663907841211,
  "Built_Prob_Rural_Change_mean": 0.007458595815394864,
  "Built_Prob_Rural_Change_std": 0.00795351456427734,
  "Built_Prob_Rural_Change_min": -0.0011913385536860555,
  "Built_Prob_Rural_Change_max": 0.022093028989068342,
  "NDVI_Urban_Change_mean": 0.01842146509153994,
  "NDVI_Urban_Change_std": 0.043149322141085675,
  "NDVI_Urban_Change_min": -0.03035092399420497,
  "NDVI_Urban_Change_max": 0.10971435995035381,
  "NDVI_Rural_Change_mean": 0.017803260519109607,
  "NDVI_Rural_Change_std": 0.03941373997743761,
  "NDVI_Rural_Change_min": -0.030628412556265583,
  "NDVI_Rural_Change_max": 0.09895113322760193,
  "Green_Prob_Urban_Change_mean": 0.00410142941527709,
  "Green_Prob_Urban_Change_std": 0.02525726333994594,
  "Green_Prob_Urban_Change_min": -0.01772454704109727,
  "Green_Prob_Urban_Change_max": 0.08253938101248598,
  "Green_Prob_Rural_Change_mean": 0.004271366163816089,
  "Green_Prob_Rural_Change_std": 0.02464449391192458,
  "Green_Prob_Rural_Change_min": -0.017657190447212853,
  "Green_Prob_Rural_Change_max": 0.07981449621629166,
  "analysis_type": "scientific_suhi",
  "method": "urban_rural_lst_difference",
  "warm_months": "None",
  "analysis_scale_m": 1000,
  "urban_threshold": 0.02,
  "rural_threshold": 0.25,
  "ring_width_km": 25,
  "cities_analyzed": 14,
  "analysis_span_years": 6,
  "first_period": "2019",
  "last_period": "2025"
}