City,Period,SUHI_Day,SUHI_Night,LST_Day_Urban,LST_Day_Rural,LST_Night_Urban,LST_Night_Rural,NDVI_Urban,NDVI_Rural,NDBI_Urban,NDBI_Rural,NDWI_Urban,NDWI_Rural,Built_Prob_Urban,Built_Prob_Rural,Green_Prob_Urban,Green_Prob_Rural,Water_Prob_Urban,Water_Prob_Rural,Urban_Pixel_Count,Rural_Pixel_Count
Tashkent,2020,,,,27.15225306011644,,7.888699304136697,,0.19319384997511238,,0.08374521717815339,,-0.3137864455040603,,0.04252122174308391,,0.07370397809896184,,0.034375736842401194,0.0,646.0
Nukus,2020,,,,,,,,,,,,,,,,,,,0.0,0.0
Andijan,2020,,,27.696493012006307,,9.274320094308358,,0.5099915631155009,,-0.203173273554799,,-0.520375456354535,,0.16454067655089916,,0.19599803744188043,,0.03824364838614318,,351.0,0.0
Bukhara,2020,,,,,,,,,,,,,,,,,,,0.0,0.0
Jizzakh,2020,,,,28.241668436125583,,9.522979767756217,,0.3520936238372866,,-0.08154072217942003,,-0.3972839222083997,,0.04747830549611772,,0.07333942463439111,,0.04697344498973288,0.0,48.0
Qarshi,2020,,,,,,,,,,,,,,,,,,,0.0,0.0
Navoiy,2020,,,,26.279760135745992,,8.602962254194415,,0.14997291526081236,,0.09219477452224495,,-0.2627398080327633,,0.0441397491401211,,0.06195590110876321,,0.048714956337764716,0.0,480.0
Namangan,2020,,,,26.85148788962406,,9.238752296031532,,0.44511123189925494,,-0.1378269991002477,,-0.4632077734652015,,0.03494033921256126,,0.2967507664603933,,0.03935733322262751,0.0,1202.0
Samarkand,2020,,,24.472576630563324,,9.079037428525046,,0.29419376280573656,,-0.054193422115919515,,-0.3662776688407196,,0.16400754937290857,,0.0849297418022613,,0.036542897488122936,,117.0,0.0
Termez,2020,,,,32.541464425782614,,9.96520399653928,,0.27581176862559253,,-0.013700383115252405,,-0.35246408515900224,,0.044470557693233354,,0.07884464381723572,,0.0391320272423513,0.0,428.0
Gulistan,2020,,,,,,,,,,,,,,,,,,,0.0,0.0
Nurafshon,2020,,,,27.421075548172738,,8.426442427940648,,0.17987469536614986,,0.0851005434620479,,-0.29544177112413245,,0.042399450237073776,,0.07392189839227589,,0.0338651174955772,0.0,603.0
Fergana,2020,,,,,,,,,,,,,,,,,,,0.0,0.0
Urgench,2020,,,25.2085409046747,,7.355807272690479,,0.293648413369272,,-0.08468537808479856,,-0.3649555060343924,,0.23034389507915196,,0.07682915073471121,,0.041760561708388017,,405.0,0.0
