{
  "SUHI_Day_Change_mean": 0.3206041906054331,
  "SUHI_Day_Change_std": NaN,
  "SUHI_Day_Change_min": 0.3206041906054331,
  "SUHI_Day_Change_max": 0.3206041906054331,
  "SUHI_Night_Change_mean": 0.39549464481438257,
  "SUHI_Night_Change_std": NaN,
  "SUHI_Night_Change_min": 0.39549464481438257,
  "SUHI_Night_Change_max": 0.39549464481438257,
  "LST_Day_Urban_Change_mean": 2.3583693765727163,
  "LST_Day_Urban_Change_std": 1.9465847362768436,
  "LST_Day_Urban_Change_min": 0.6232868309871904,
  "LST_Day_Urban_Change_max": 4.463371176214448,
  "LST_Night_Urban_Change_mean": 5.098974255038304,
  "LST_Night_Urban_Change_std": 0.9125405998580466,
  "LST_Night_Urban_Change_min": 4.09839890700724,
  "LST_Night_Urban_Change_max": 5.8853861609421365,
  "LST_Day_Rural_Change_mean": 1.9065383378181036,
  "LST_Day_Rural_Change_std": 1.6632191113875539,
  "LST_Day_Rural_Change_min": -0.7012920440734405,
  "LST_Day_Rural_Change_max": 4.648102981301594,
  "LST_Night_Rural_Change_mean": 4.657595808985629,
  "LST_Night_Rural_Change_std": 1.0894681552930754,
  "LST_Night_Rural_Change_min": 2.665662533426538,
  "LST_Night_Rural_Change_max": 6.328392932424931,
  "Built_Prob_Urban_Change_mean": 0.0069012019058674505,
  "Built_Prob_Urban_Change_std": 0.015053302904482244,
  "Built_Prob_Urban_Change_min": -0.00531476570594841,
  "Built_Prob_Urban_Change_max": 0.023718038582853262,
  "Built_Prob_Rural_Change_mean": 0.005519411104856767,
  "Built_Prob_Rural_Change_std": 0.006344208874001767,
  "Built_Prob_Rural_Change_min": -0.0008352934270040857,
  "Built_Prob_Rural_Change_max": 0.022821383201321932,
  "NDVI_Urban_Change_mean": -0.017364333908717722,
  "NDVI_Urban_Change_std": 0.02278844827969821,
  "NDVI_Urban_Change_min": -0.0390543859459328,
  "NDVI_Urban_Change_max": 0.006383002250467618,
  "NDVI_Rural_Change_mean": 0.01951400052859484,
  "NDVI_Rural_Change_std": 0.04306009220613793,
  "NDVI_Rural_Change_min": -0.028695301692471586,
  "NDVI_Rural_Change_max": 0.09592509749961392,
  "Green_Prob_Urban_Change_mean": 0.006627551264522987,
  "Green_Prob_Urban_Change_std": 0.016886970934025452,
  "Green_Prob_Urban_Change_min": -0.01010619721069031,
  "Green_Prob_Urban_Change_max": 0.023663683475153796,
  "Green_Prob_Rural_Change_mean": 0.0014874163957079092,
  "Green_Prob_Rural_Change_std": 0.027378708426987787,
  "Green_Prob_Rural_Change_min": -0.019212104291588428,
  "Green_Prob_Rural_Change_max": 0.0811120937960636,
  "analysis_type": "scientific_suhi",
  "method": "urban_rural_lst_difference",
  "warm_months": "None",
  "analysis_scale_m": 1000,
  "urban_threshold": 0.15,
  "rural_threshold": 0.1,
  "ring_width_km": 20,
  "cities_analyzed": 14,
  "analysis_span_years": 6,
  "first_period": "2019",
  "last_period": "2025"
}