feature,importance
embedding_0,0.9228982
slope_degrees,0.06284788
dist_to_roads_km,0.00864748
embedding_7,0.0023632154
longitude,0.001363028
latitude,0.0011626737
embedding_53,0.0003962614
embedding_5,0.00028131137
embedding_55,4.001348e-05
embedding_9,0.0
