region,n_samples,mean_moisture,std_moisture,ci_lower,ci_upper,critical_stress_pct,high_stress_pct,avg_irrigation_efficiency,avg_crop_yield
Karakalpakstan,50,0.1620055035218495,0.0,0.1620055035218495,0.1620055035218495,72.0,28.000000000000004,0.43179267357715917,0.6378750000000001
Tashkent,50,0.5099962601550367,1.1102230246251565e-16,0.5099962601550367,0.5099962601550367,0.0,14.000000000000002,0.7315872312797604,22.5
Samarkand,50,0.5159961007866434,0.0,0.5159961007866434,0.5159961007866434,0.0,60.0,0.5922894591419954,2.5199999999999996
Bukhara,50,0.2120041754519052,2.7755575615628914e-17,0.2120041754519052,0.2120041754519052,60.0,40.0,0.47653876267423023,0.9275000000000001
Namangan,50,0.4459979600845654,0.0,0.4459979600845654,0.4459979600845654,0.0,14.000000000000002,0.6972446470770935,11.707499999999998
