region,species_richness,shannon_diversity,simpson_diversity,mean_habitat_quality,endangered_species_est
Karakalpakstan,23,3.008242959444779,0.945435328312855,0.3982265587237078,2
Tashkent,23,3.0114094402719167,0.9443866342929819,0.40458990285859214,2
Samarkand,23,3.096912405343128,0.9530963402917285,0.40446443742853955,2
Bukhara,23,3.0541552899882713,0.9496275722762277,0.4176610157676937,2
Namangan,23,3.0055660326280673,0.9452479338842975,0.3922784723464573,2
