group,n_samples,habitat_quality_mean,habitat_quality_std,habitat_quality_median,habitat_quality_min,habitat_quality_max,habitat_quality_q25,habitat_quality_q75,habitat_quality_ci_low,habitat_quality_ci_high,species_richness_est_mean,species_richness_est_std,species_richness_est_median,species_richness_est_min,species_richness_est_max,species_richness_est_q25,species_richness_est_q75,species_richness_est_ci_low,species_richness_est_ci_high,forest_cover_pct_mean,forest_cover_pct_std,forest_cover_pct_median,forest_cover_pct_min,forest_cover_pct_max,forest_cover_pct_q25,forest_cover_pct_q75,forest_cover_pct_ci_low,forest_cover_pct_ci_high
Karakalpakstan,51,0.6876215429601281,0.054923771967150724,0.7334999999999999,0.6335,0.7995485935490148,0.6335,0.7334999999999999,0.6721739831673775,0.7030691027528787,16.07843137254902,1.0925774527218097,17.0,15,18,15.0,17.0,15.771139012162234,16.385723732935805,0.0,0.0,0.0,0.0,0.0,0.0,0.0,0.0,0.0
Tashkent,51,0.9430961619891365,0.012344371756003834,0.9349999999999999,0.9349999999999999,0.9688620472043484,0.9349999999999999,0.951370343648412,0.9396242514852683,0.9465680724930047,44.09803921568628,0.3003266195850321,44.0,44,45,44.0,44.0,44.01357099277964,44.182507438592914,9.0,0.0,9.0,9.0,9.0,9.0,9.0,9.0,9.0
Samarkand,51,0.968764705882353,0.022832536639886703,0.9523000000000007,0.9485,1.0,0.9485,0.9983500000000012,0.9623429514701511,0.9751864602945548,41.333333333333336,0.47609522856952335,41.0,41,42,41.0,42.0,41.19942939252662,41.467237274140054,9.899999999999999,1.7940324671816083e-15,9.9,9.9,9.9,9.9,9.9,9.899999999999999,9.899999999999999
Bukhara,51,0.7594950980392158,0.048829435031445885,0.79675,0.69675,0.79675,0.69675,0.79675,0.7457615981305491,0.7732285979478825,22.254901960784313,0.976588700628918,23.0,21,23,21.0,23.0,21.98023196261098,22.529571958957646,0.0,0.0,0.0,0.0,0.0,0.0,0.0,0.0,0.0
Namangan,51,0.9923791251838235,0.006049264227115688,0.9874999999999999,0.9874999999999999,1.0,0.9874999999999999,1.0,0.99067774220331,0.9940805081643371,57.0,0.0,57.0,57,57,57.0,57.0,57.0,57.0,8.5,0.0,8.5,8.5,8.5,8.5,8.5,8.5,8.5
