patch_count,mean_patch_size,fragmentation_index,connectivity_index,region,ecosystem,total_area_samples,mean_habitat_quality,mean_species_richness
28,1.0,1.0,0.0,Karakalpakstan,Urban/Developed,28,0.6927928103916617,16.178571428571427
12,1.0,1.0,0.0,Karakalpakstan,Steppe/Grassland,12,0.6334999999999998,15.0
11,1.0,1.0,0.0,Karakalpakstan,Mountain/Forest,11,0.7335,17.0
51,1.0,0.7370234430162688,0.26297655698373124,Tashkent,Desert/Arid,51,0.9430961619891365,44.09803921568628
51,1.0,0.6933333333333394,0.30666666666666065,Samarkand,Desert/Arid,51,0.968764705882353,41.333333333333336
51,1.0,1.0,0.0,Bukhara,Agricultural,51,0.7594950980392158,22.254901960784313
51,1.0,0.877005004420032,0.12299499557996796,Namangan,Riparian/Wetland,51,0.9923791251838235,57.0
