region,total_area_assessed,avg_degradation_score,severe_degradation_areas,high_degradation_areas,hotspots_identified,priority_intervention_areas,avg_soil_erosion_rate,avg_soil_salinity,high_grazing_pressure_areas,estimated_restoration_cost,trend_direction
Karakalpakstan,726,0.33402394202742675,0,25,90,194,2.1310803659169175,2.9666592230272397,221,970000,increasing
Tashkent,711,0.33350369107471306,0,11,62,196,2.0654176178741257,2.965983065698662,208,980000,increasing
Samarkand,697,0.33056545375988866,0,20,62,178,2.01340944312177,2.949886006060166,207,890000,increasing
Bukhara,659,0.33173087241349036,0,17,60,162,2.2165184976500996,2.8099857381053006,191,810000,increasing
Namangan,707,0.33353466890600236,0,23,76,186,2.0192861145991436,3.0916819021362683,215,930000,increasing
