region,total_protected_areas,avg_disturbance_index,avg_threat_level,critical_status_areas,incident_count,total_protected_area_km2,avg_forest_cover,avg_biodiversity_index,management_challenges,priority_conservation_needs
Karakalpakstan,50,0.207,0.17799999999999996,0,0,22500.000000000007,0.0,0.04499999999999999,7,0
Tashkent,50,0.31920000000000004,0.19400000000000003,0,0,5463.966703480678,0.1476,0.45,0,2
Samarkand,50,0.3832,0.29,0,17,7800.657703789266,0.2372,0.49500000000000005,0,16
Bukhara,50,0.2664,0.162,0,2,11718.197074930147,0.0,0.12249999999999997,0,0
Namangan,50,0.3166,0.23799999999999996,0,5,12696.646792118754,0.6195999999999999,0.425,0,12
