region,total_riverbank_sites,avg_disturbance_score,high_disturbance_sites,priority_intervention_sites,avg_buffer_width,natural_buffers_intact_pct,avg_agricultural_pressure,avg_water_quality,dominant_disturbance_type
Karakalpakstan,470,0.3923404255319149,202,0,25.589952750661748,55.95744680851064,99.9561577826321,61.171244883883894,stable
Tashkent,442,0.3973981900452489,212,0,23.906502876884414,52.94117647058824,104.6528346933958,60.18876596650063,stable
Samarkand,465,0.3903225806451613,217,0,24.826055706983198,55.053763440860216,101.9120784645884,61.09106892205344,stable
Bukhara,425,0.3931764705882353,199,0,25.509226297622206,56.23529411764706,107.60143411708525,60.00369626481888,stable
Namangan,398,0.3959798994974875,188,0,25.048616510236766,56.03015075376885,109.18532705069146,60.534688160563526,stable
