region,total_riverbank_sites,avg_disturbance_score,high_disturbance_sites,priority_intervention_sites,avg_buffer_width,natural_buffers_intact_pct,avg_agricultural_pressure,avg_water_quality,dominant_disturbance_type
Karakalpakstan,50,0.488,50,0,2.25,0.0,0.0,63.60799281583084,stable
Tashkent,50,0.32799999999999996,1,0,22.5,100.0,0.12266863102685761,58.10921180271657,stable
Samarkand,50,0.34600000000000003,10,0,24.750000000000004,100.0,65.95056177596895,57.54416129284015,stable
Bukhara,50,0.4960000000000001,50,0,6.124999999999999,0.0,0.0,54.92927738387949,stable
Namangan,50,0.33799999999999997,4,0,21.25,100.0,35.11807258751881,60.23330265743822,stable
