region,total_riverbank_sites,avg_disturbance_score,high_disturbance_sites,priority_intervention_sites,avg_buffer_width,natural_buffers_intact_pct,avg_agricultural_pressure,avg_water_quality,dominant_disturbance_type
Karakalpakstan,50,0.48700000000000004,50,0,2.25,0.0,0.0,60.23580768345528,stable
Tashkent,50,0.34,2,0,22.5,100.0,0.12266863102685761,60.009249611908025,stable
Samarkand,50,0.341,4,0,24.750000000000004,100.0,65.95056177596895,57.367573585591366,stable
Bukhara,50,0.493,50,0,6.124999999999999,0.0,0.0,59.7763942951316,stable
Namangan,50,0.316,4,0,21.25,100.0,35.11807258751881,62.95835273710398,stable
