region,total_riverbank_sites,avg_disturbance_score,high_disturbance_sites,priority_intervention_sites,avg_buffer_width,natural_buffers_intact_pct,avg_agricultural_pressure,avg_water_quality,dominant_disturbance_type
Karakalpakstan,50,0.48400000000000004,50,0,2.25,0.0,0.0,59.44926644725809,stable
Tashkent,50,0.3390000000000001,2,0,22.5,100.0,0.12266863102685761,58.08634255028856,stable
Samarkand,50,0.3340000000000001,5,0,24.750000000000004,100.0,65.95056177596895,62.60585947243664,stable
Bukhara,50,0.483,50,0,6.124999999999999,0.0,0.0,66.27449938727989,stable
Namangan,50,0.3410000000000001,6,0,21.25,100.0,35.11807258751881,62.99307882384469,stable
