region,linear_slope,linear_r2,linear_p_value,mk_z_statistic,mk_p_value,trend_direction,trend_significance,trend_confidence,sample_representativeness
Karakalpakstan,0.010668222711863825,0.12627656095999049,0.34799419161762785,0.9383148632568366,0.34808262363292397,increasing,not significant,0.9046805560766012,2.2222222222222223
Tashkent,0.007224544414959448,0.05644883742403982,0.6079424160969767,0.3003757045930553,0.7638905934705396,increasing,not significant,0.8800367428665882,2.142857142857143
Samarkand,0.010171189424287073,0.1060983628958004,0.3923375730942909,0.9383148632568366,0.34808262363292397,increasing,not significant,0.8941629200531914,3.0
Bukhara,-0.022084328731795087,0.49058306885814384,0.07965947645744903,-0.9011271137791659,0.36752073824214304,decreasing,not significant,0.8668090449452073,2.7142857142857144
Namangan,0.010441738526309583,0.1483905480107466,0.3934596772387922,0.6007514091861106,0.5480055723613093,increasing,not significant,0.8771412043121974,2.7142857142857144
