region,n_samples,mean_moisture,std_moisture,ci_lower,ci_upper,severe_stress_pct,high_stress_pct,avg_prediction_uncertainty,model_confidence_score
Karakalpakstan,50,0.05000000000000004,6.938893903907228e-18,0.05000000000000004,0.05000000000000004,100.0,0.0,0.17505782312925175,82.49421768707482
Tashkent,50,0.899057600000003,0.005579986222205807,0.8974556854091934,0.9006595145908126,0.0,0.0,0.1425199352736705,85.74800647263295
Samarkand,50,0.8992062000000032,0.0029824731868036115,0.8983499851054886,0.9000624148945178,0.0,0.0,0.1339935736771004,86.60064263228996
Bukhara,50,0.18576389013605454,0.020875836416547076,0.17977080957647543,0.19175697069563366,100.0,0.0,0.16298016841570653,83.70198315842934
Namangan,50,0.8706202698979599,0.021746829380541566,0.8643771427823583,0.8768633970135615,0.0,0.0,0.1450215690136642,85.49784309863358
