comparison,region1_mean,region1_std,region1_n,region2_mean,region2_std,region2_n,mean_difference,t_statistic,t_p_value,mannwhitney_u,mannwhitney_p,cohens_d,effect_size_interpretation
Tashkent_vs_Karakalpakstan,0.89876,0.008768124086713182,50,0.04999999999999999,1.401868266681942e-17,50,0.84876,684.4838709677425,4.02990809588162e-182,2500.0,4.267474481358953e-23,136.8967741935485,large
Tashkent_vs_Namangan,0.89876,0.008768124086713182,50,0.8703933333333335,0.025915114627203417,50,0.02836666666666654,7.331708508414462,6.564612021865666e-11,2108.0,8.731731090712614e-12,1.4663417016828924,large
Karakalpakstan_vs_Namangan,0.04999999999999999,1.401868266681942e-17,50,0.8703933333333335,0.025915114627203417,50,-0.8203933333333335,-223.84839796590816,1.3760764213528084e-134,0.0,2.895179084587319e-20,-44.769679593181635,large
