model_name,cv_r2_mean,cv_r2_std,cv_r2_ci_low,cv_r2_ci_high,cv_rmse_mean,cv_rmse_std
Random Forest,0.5068674770334758,0.12372309107139741,0.3351122917309144,0.6786226623360372,0.10776651818557012,0.009343614687513706
Gradient Boosting,0.0855853155197567,0.3493188839470548,-0.3993470372242224,0.5705176682637358,0.1445946614938631,0.0195401915062004
Elastic Net,0.47859572968585723,0.1749014193100769,0.23579363491805186,0.7213978244536626,0.10991756897627922,0.01370537478603931
