model_name,cv_r2_mean,cv_r2_std,cv_r2_ci_low,cv_r2_ci_high,cv_rmse_mean,cv_rmse_std
Random Forest,0.9986980436261467,0.0015448435019524442,0.9965534570365004,1.000842630215793,0.010085499333698933,0.009624950916922847
Gradient Boosting,0.9986085765663075,0.0016280497378243354,0.996348481203507,1.000868671929108,0.010179453597119017,0.010236483122405259
Elastic Net,0.9905372948978084,0.0019513214255903548,0.9878284264874344,0.9932461633081824,0.03636241163863815,0.002915232817504124
