comparison,region1_mean,region1_std,region1_n,region2_mean,region2_std,region2_n,mean_difference,t_statistic,t_p_value,mannwhitney_u,mannwhitney_p,cohens_d,effect_size_interpretation
Tashkent_vs_Karakalpakstan,0.6219022912043253,0.14318235941049753,15,0.4483854057848289,0.12468937383077233,20,0.1735168854194964,3.8239123368669947,0.0005530248863064067,246.0,0.0014558990249316493,1.3061147149740535,large
Tashkent_vs_Namangan,0.6219022912043253,0.14318235941049753,15,0.6997854922982361,0.14474145804000632,19,-0.07788320109391078,-1.565233187065866,0.12736501080520443,93.0,0.08921832403221404,-0.5406249392782541,medium
Karakalpakstan_vs_Namangan,0.4483854057848289,0.12468937383077233,20,0.6997854922982361,0.14474145804000632,19,-0.2514000865134072,-5.82074636053586,1.0981635053702807e-06,33.0,1.0962075298601851e-05,-1.864743837038642,large
