region,stress_category,count,avg_uncertainty,confidence_level
Bukhara,Severe,50,0.16298016841570653,83.70198315842934
Karakalpakstan,Severe,50,0.1750578231292517,82.49421768707484
Namangan,Low,50,0.14502156901366423,85.49784309863358
Samarkand,Low,50,0.1339935736771004,86.60064263228996
Tashkent,Low,50,0.1425199352736705,85.74800647263295
