region,n_samples,mean_moisture,std_moisture,ci_lower,ci_upper,severe_stress_pct,high_stress_pct,avg_prediction_uncertainty,model_confidence_score
Karakalpakstan,50,0.05000000000000004,6.938893903907228e-18,0.05000000000000004,0.05000000000000004,100.0,0.0,0.17505782312925175,82.49421768707482
Tashkent,50,0.8990353348639488,0.005601516833537382,0.8974272392183718,0.9006434305095259,0.0,0.0,0.1425199352736705,85.74800647263295
Samarkand,50,0.899203650000003,0.0029822839490066203,0.898347489432287,0.900059810567719,0.0,0.0,0.1339935736771004,86.60064263228996
Bukhara,50,0.18565264523809533,0.021420925298883845,0.17950307937566215,0.1918022111005285,100.0,0.0,0.16298016841570653,83.70198315842934
Namangan,50,0.8708189153061232,0.021531326864529354,0.8646376551219098,0.8770001754903366,0.0,0.0,0.1450215690136642,85.49784309863358
