metric,value
R²,0.8152587000236564
RMSE,1.8510529465446304
Mean_Temperature,26.17839522507604
Std_Temperature,4.226791563484821
