metric,value
R²,0.9931970138098567
RMSE,0.18526377517137646
Mean_Temperature,25.177944863934236
Std_Temperature,2.128915993641907
