metric,value
R²,0.4772238676396171
RMSE,3.199213199026595
Mean_Temperature,25.25745733206491
Std_Temperature,3.936052909554651
