feature,importance
albedo,0.5016027993100138
green_space_ratio,0.38929246765981457
longitude,0.028070517496326688
distance_to_center_km,0.017132662736857335
built_up_density,0.015795679003022083
elevation_urban_m,0.012641138937503031
building_height_avg,0.012210123649325224
impervious_surface_pct,0.009432420936438443
latitude,0.007310723591819471
water_body_distance_km,0.005740126450913636
