feature,importance
albedo,0.4867189483489523
green_space_ratio,0.40398363827101147
longitude,0.02803007869602988
elevation_urban_m,0.015597841785092562
distance_to_center_km,0.015144790449679767
built_up_density,0.014893582710711955
building_height_avg,0.013112219941634855
impervious_surface_pct,0.008501294109270852
latitude,0.007436698005030708
water_body_distance_km,0.005765455408659605
