region,linear_slope,linear_r2,linear_p_value,mk_z_statistic,mk_p_value,trend_direction,trend_significance,temperature_increase_9yr
Karakalpakstan,0.04725173768115673,0.041804546087464756,0.5977131968853691,0.3127716210856122,0.7544541774940892,increasing,not significant,0.15873251025573865
Tashkent,0.2323333224033906,0.4007269475668427,0.06725745981471148,1.7723725194851356,0.07633274037635718,increasing,not significant,0.8691497522778633
Samarkand,0.11662037224064477,0.11134544502648033,0.38018021100897587,0.5212860351426869,0.6021675277481957,increasing,not significant,2.6903053489335136
Bukhara,0.0745873245042872,0.059876333668513665,0.5257163772829749,0.5212860351426869,0.6021675277481957,increasing,not significant,1.9903646590048396
Namangan,0.13647841286414528,0.365303028832074,0.08471388848963071,1.7723725194851356,0.07633274037635718,increasing,not significant,1.0418542242139814
