feature,importance
built_up_density,0.5013471528207745
green_space_ratio,0.09920660197377253
population_density,0.08648215920639453
distance_to_center_km,0.06449191433337877
water_body_distance_km,0.04893930133021537
impervious_surface_pct,0.02050817726432592
albedo,0.01748880842191405
embed_045,0.002276426794654283
embed_000,0.002142589809614079
embed_054,0.0020596990208432793
