region,total_areas_assessed,urban_areas,avg_lst,max_lst,avg_uhi_intensity,high_risk_areas,very_high_risk_areas,avg_green_space_ratio,avg_cooling_potential,priority_green_sites,priority_albedo_sites,priority_water_sites,estimated_affected_population
Karakalpakstan,50,0,27.148899999999998,28.0489,,0,0,0.041850000000000005,2.2800000000000007,0,0,0,0.0
Tashkent,50,0,23.795520000000007,26.86842857142857,,0,0,0.41598000000000007,1.9305599999999998,0,0,0,0.0
Samarkand,50,6,23.785976025357524,31.640543787413513,,0,0,0.42570000000000013,1.8046079999999995,0,0,0,0.0
Bukhara,50,0,26.635649999999995,27.01645,,0,0,0.11392499999999998,2.28,0,0,0,0.0
Namangan,50,0,24.523678294313655,27.45988775510204,,0,0,0.38097000000000003,2.02404,0,0,0,0.0
