metric,value
R²,0.9931948848976098
RMSE,0.18529276093271815
Mean_Temperature,25.177944863934236
Std_Temperature,2.128915993641907
