{
  "temp_day_change_10yr_mean": 1.9942740740740774,
  "temp_day_change_10yr_std": 2.290283305817287,
  "temp_night_change_10yr_mean": 5.314874074074078,
  "temp_night_change_10yr_std": 1.7194440699814104,
  "uhi_change_10yr_mean": 0.0801516556611818,
  "uhi_change_10yr_std": 0.3828356551464383,
  "built_expansion_10yr_mean": -0.03975858391540884,
  "built_expansion_10yr_std": 0.051333890409362,
  "green_change_10yr_mean": 0.000759449023468838,
  "green_change_10yr_std": 0.003544397924770942,
  "water_change_10yr_mean": 0.005810346504961629,
  "water_change_10yr_std": 0.003938418965998698,
  "temp_day_rate_mean": 0.19942740740740775,
  "built_expansion_rate_mean": -0.0039758583915408836,
  "green_loss_rate_mean": 7.59449023468838e-05,
  "ndvi_change_10yr_mean": -0.022571258579885057,
  "ndbi_change_10yr_mean": 0.01700329748414212,
  "connectivity_change_10yr_mean": -0.0027833981585738458,
  "lights_change_10yr_mean": 7.080024257236057,
  "impervious_change_10yr_mean": -0.03240834737523768,
  "analysis_span_years": 10,
  "analysis_periods": 10,
  "cities_analyzed": 3,
  "analysis_type": "temporal_trend_2016_2025"
}