{
  "temp_day_change_10yr_mean": 1.6977244436040158,
  "temp_day_change_10yr_std": 1.8140146613741288,
  "temp_night_change_10yr_mean": 5.581514525075638,
  "temp_night_change_10yr_std": 1.5619926487285167,
  "uhi_change_10yr_mean": 0.18623802661762467,
  "uhi_change_10yr_std": 0.23661996260767978,
  "built_expansion_10yr_mean": 0.005488527419074213,
  "built_expansion_10yr_std": 0.022276239749692846,
  "green_change_10yr_mean": -0.005422501145279448,
  "green_change_10yr_std": 0.001400498970931034,
  "water_change_10yr_mean": 0.0022302397159178512,
  "water_change_10yr_std": 0.0015265670224584855,
  "temp_day_rate_mean": 0.16977244436040156,
  "built_expansion_rate_mean": 0.0005488527419074212,
  "green_loss_rate_mean": -0.0005422501145279448,
  "ndvi_change_10yr_mean": -0.022818872172031983,
  "ndbi_change_10yr_mean": 0.01676969393972571,
  "connectivity_change_10yr_mean": -0.005356543875409972,
  "lights_change_10yr_mean": 7.454445509860651,
  "impervious_change_10yr_mean": 0.009584977919201487,
  "analysis_span_years": 10,
  "analysis_periods": 10,
  "cities_analyzed": 4,
  "analysis_type": "temporal_trend_2016_2025"
}