{
  "temp_day_change_10yr_mean": 1.699024999999998,
  "temp_day_change_10yr_std": 1.8371449872469692,
  "temp_night_change_10yr_mean": 5.559324999999999,
  "temp_night_change_10yr_std": 1.452356972017096,
  "uhi_change_10yr_mean": 0.156158735111686,
  "uhi_change_10yr_std": 0.25820316641099267,
  "built_expansion_10yr_mean": -0.004581254962771383,
  "built_expansion_10yr_std": 0.028516316812926053,
  "green_change_10yr_mean": -0.004286484723657415,
  "green_change_10yr_std": 0.0018171388586629925,
  "water_change_10yr_mean": 0.003322368421117194,
  "water_change_10yr_std": 0.002169896404770657,
  "temp_day_rate_mean": 0.1699024999999998,
  "built_expansion_rate_mean": -0.00045812549627713834,
  "green_loss_rate_mean": -0.0004286484723657416,
  "ndvi_change_10yr_mean": -0.026051149161295896,
  "ndbi_change_10yr_mean": 0.017945347520837714,
  "connectivity_change_10yr_mean": -0.0047583327921342095,
  "lights_change_10yr_mean": 7.545939939469098,
  "impervious_change_10yr_mean": 0.0006813951215515757,
  "analysis_span_years": 10,
  "analysis_periods": 10,
  "cities_analyzed": 4,
  "analysis_type": "temporal_trend_2016_2025"
}