{
  "temp_day_change_10yr_mean": 1.8775040250538282,
  "temp_day_change_10yr_std": 1.6784489908179772,
  "temp_night_change_10yr_mean": 5.149950174850482,
  "temp_night_change_10yr_std": 1.150714091076255,
  "uhi_change_10yr_mean": 0.2411893122685191,
  "uhi_change_10yr_std": 0.1825641769877446,
  "built_expansion_10yr_mean": 0.01781296992104533,
  "built_expansion_10yr_std": 0.01131639168953271,
  "green_change_10yr_mean": -0.007355410214038772,
  "green_change_10yr_std": 0.007784389448325681,
  "water_change_10yr_mean": 0.0011359927304743114,
  "water_change_10yr_std": 0.004021358653209817,
  "temp_day_rate_mean": 0.18775040250538283,
  "built_expansion_rate_mean": 0.0017812969921045336,
  "green_loss_rate_mean": -0.0007355410214038771,
  "ndvi_change_10yr_mean": -0.008197947708262553,
  "ndbi_change_10yr_mean": -0.001106603398926861,
  "connectivity_change_10yr_mean": -0.007375574377447229,
  "lights_change_10yr_mean": 3.261985441545167,
  "impervious_change_10yr_mean": 0.019306753537825343,
  "analysis_span_years": 10,
  "analysis_periods": 10,
  "cities_analyzed": 14,
  "analysis_type": "temporal_trend_2016_2025"
}