{
  "temp_day_change_10yr_mean": 3.8919300000000003,
  "temp_day_change_10yr_std": 1.5236312656938966,
  "temp_night_change_10yr_mean": 6.0874299999999995,
  "temp_night_change_10yr_std": 0.20906319092562142,
  "uhi_change_10yr_mean": 0.47950834515765894,
  "uhi_change_10yr_std": 0.1587081307613363,
  "built_expansion_10yr_mean": 0.03010511505255288,
  "built_expansion_10yr_std": 0.0021150013973157346,
  "green_change_10yr_mean": -0.007199106359653859,
  "green_change_10yr_std": 0.0025799509726639382,
  "water_change_10yr_mean": -0.004062173783143684,
  "water_change_10yr_std": 0.005221792275893583,
  "temp_day_rate_mean": 0.389193,
  "built_expansion_rate_mean": 0.003010511505255288,
  "green_loss_rate_mean": -0.0007199106359653859,
  "ndvi_change_10yr_mean": -0.025201887689275934,
  "ndbi_change_10yr_mean": 0.01136512443593734,
  "connectivity_change_10yr_mean": -0.007523438871911703,
  "lights_change_10yr_mean": 4.691615616261959,
  "impervious_change_10yr_mean": 0.032677728562513025,
  "analysis_span_years": 10,
  "analysis_periods": 10,
  "cities_analyzed": 2,
  "analysis_type": "temporal_trend_2016_2025"
}